NAME,TIMESTAMP,PATH,MILISECONDS_REQ,MILISECONDS_DELTA
teku,2022-03-17 08:36:22.748763,http://localhost:5051/eth/v2/beacon/blocks/1250086,28.799,33.235
teku,2022-03-17 08:36:22.748780,http://localhost:5051/eth/v2/beacon/blocks/2138658,182.236,184.132
teku,2022-03-17 08:36:22.748785,http://localhost:5051/eth/v2/beacon/blocks/1437442,25.487,27.421
teku,2022-03-17 08:36:22.748788,http://localhost:5051/eth/v2/beacon/blocks/1842357,31.146,32.513
teku,2022-03-17 08:36:22.748791,http://localhost:5051/eth/v2/beacon/blocks/1972934,54.543,55.916
teku,2022-03-17 08:36:22.748794,http://localhost:5051/eth/v2/beacon/blocks/382538,11.278,12.348
teku,2022-03-17 08:36:22.748798,http://localhost:5051/eth/v2/beacon/blocks/2446366,94.074,95.443
teku,2022-03-17 08:36:22.748801,http://localhost:5051/eth/v2/beacon/blocks/1770115,9.084,10.449
teku,2022-03-17 08:36:22.748804,http://localhost:5051/eth/v2/beacon/blocks/2120625,65.051,66.397
teku,2022-03-17 08:36:22.748807,http://localhost:5051/eth/v2/beacon/blocks/2458253,36.038,37.476
teku,2022-03-17 08:36:22.748809,http://localhost:5051/eth/v2/beacon/blocks/1783635,49.066,50.48
teku,2022-03-17 08:36:22.748908,http://localhost:5051/eth/v2/beacon/blocks/2993475,23.395,24.704
teku,2022-03-17 08:36:22.748912,http://localhost:5051/eth/v2/beacon/blocks/721602,36.918,37.986
teku,2022-03-17 08:36:22.748915,http://localhost:5051/eth/v2/beacon/blocks/730469,19.938,21.169
teku,2022-03-17 08:36:22.748918,http://localhost:5051/eth/v2/beacon/blocks/364072,23.53,24.706
teku,2022-03-17 08:36:22.748921,http://localhost:5051/eth/v2/beacon/blocks/141693,21.083,22.19
teku,2022-03-17 08:36:22.748924,http://localhost:5051/eth/v2/beacon/blocks/2183958,23.527,24.936
teku,2022-03-17 08:36:22.748927,http://localhost:5051/eth/v2/beacon/blocks/542052,28.157,29.435
teku,2022-03-17 08:36:22.748929,http://localhost:5051/eth/v2/beacon/blocks/405260,27.165,28.217
teku,2022-03-17 08:36:22.748932,http://localhost:5051/eth/v2/beacon/blocks/1696584,39.726,41.614
teku,2022-03-17 08:36:22.748935,http://localhost:5051/eth/v2/beacon/blocks/1536502,25.678,27.213
teku,2022-03-17 08:36:22.748938,http://localhost:5051/eth/v2/beacon/blocks/1349259,21.858,23.34
teku,2022-03-17 08:36:22.748941,http://localhost:5051/eth/v2/beacon/blocks/1460665,16.129,17.083
teku,2022-03-17 08:36:22.748943,http://localhost:5051/eth/v2/beacon/blocks/2012916,19.247,20.359
teku,2022-03-17 08:36:22.748946,http://localhost:5051/eth/v2/beacon/blocks/2358730,23.89,24.916
teku,2022-03-17 08:36:22.748949,http://localhost:5051/eth/v2/beacon/blocks/531529,15.289,16.131
teku,2022-03-17 08:36:22.748952,http://localhost:5051/eth/v2/beacon/blocks/1886103,23.407,24.685
teku,2022-03-17 08:36:22.749052,http://localhost:5051/eth/v2/beacon/blocks/751418,3.252,4.123
teku,2022-03-17 08:36:22.749057,http://localhost:5051/eth/v2/beacon/blocks/509861,26.216,27.049
teku,2022-03-17 08:36:22.749076,http://localhost:5051/eth/v2/beacon/blocks/193145,21.655,22.438
teku,2022-03-17 08:36:22.749079,http://localhost:5051/eth/v2/beacon/blocks/2750677,26.312,27.905
teku,2022-03-17 08:36:22.749083,http://localhost:5051/eth/v2/beacon/blocks/3264542,124.499,126.07
teku,2022-03-17 08:36:22.749086,http://localhost:5051/eth/v2/beacon/blocks/3285916,135.822,137.812
teku,2022-03-17 08:36:22.749089,http://localhost:5051/eth/v2/beacon/blocks/2133195,35.487,37.908
teku,2022-03-17 08:36:22.749092,http://localhost:5051/eth/v2/beacon/blocks/1311210,17.78,19.062
teku,2022-03-17 08:36:22.749095,http://localhost:5051/eth/v2/beacon/blocks/3317697,359.603,361.338
teku,2022-03-17 08:36:22.749181,http://localhost:5051/eth/v2/beacon/blocks/1330007,25.971,28.165
teku,2022-03-17 08:36:22.749187,http://localhost:5051/eth/v2/beacon/blocks/1602354,19.689,21.757
teku,2022-03-17 08:36:22.749190,http://localhost:5051/eth/v2/beacon/blocks/38458,3.467,4.719
teku,2022-03-17 08:36:22.749196,http://localhost:5051/eth/v2/beacon/blocks/2206306,5.845,7.231
teku,2022-03-17 08:36:22.749200,http://localhost:5051/eth/v2/beacon/blocks/846749,23.554,26.071
teku,2022-03-17 08:36:22.749203,http://localhost:5051/eth/v2/beacon/blocks/634156,145.175,147.733
teku,2022-03-17 08:36:22.749206,http://localhost:5051/eth/v2/beacon/blocks/1278796,22.557,23.807
teku,2022-03-17 08:36:22.749209,http://localhost:5051/eth/v2/beacon/blocks/2930279,49.436,50.551
teku,2022-03-17 08:36:22.749212,http://localhost:5051/eth/v2/beacon/blocks/2564947,25.862,27.205
teku,2022-03-17 08:36:22.749216,http://localhost:5051/eth/v2/beacon/blocks/548107,95.679,96.812
teku,2022-03-17 08:36:22.749219,http://localhost:5051/eth/v2/beacon/blocks/1512191,20.079,21.156
teku,2022-03-17 08:36:22.749222,http://localhost:5051/eth/v2/beacon/blocks/2643657,22.178,23.359
teku,2022-03-17 08:36:22.749312,http://localhost:5051/eth/v2/beacon/blocks/2889384,24.758,25.84
teku,2022-03-17 08:36:22.749320,http://localhost:5051/eth/v2/beacon/blocks/1072094,33.002,34.038
teku,2022-03-17 08:36:22.749324,http://localhost:5051/eth/v2/beacon/blocks/1466890,29.414,30.543
teku,2022-03-17 08:36:22.749327,http://localhost:5051/eth/v2/beacon/blocks/1754545,23.564,24.789
teku,2022-03-17 08:36:22.749330,http://localhost:5051/eth/v2/beacon/blocks/297879,30.472,31.456
teku,2022-03-17 08:36:22.749333,http://localhost:5051/eth/v2/beacon/blocks/1987257,23.705,25.06
teku,2022-03-17 08:36:22.749336,http://localhost:5051/eth/v2/beacon/blocks/763005,19.451,20.471
teku,2022-03-17 08:36:22.749339,http://localhost:5051/eth/v2/beacon/blocks/192058,17.287,18.158
teku,2022-03-17 08:36:22.749343,http://localhost:5051/eth/v2/beacon/blocks/1227851,27.364,28.302
teku,2022-03-17 08:36:22.749346,http://localhost:5051/eth/v2/beacon/blocks/965518,20.28,21.253
teku,2022-03-17 08:36:22.749349,http://localhost:5051/eth/v2/beacon/blocks/2217675,21.431,22.663
teku,2022-03-17 08:36:22.749352,http://localhost:5051/eth/v2/beacon/blocks/2907828,75.925,77.087
teku,2022-03-17 08:36:22.749355,http://localhost:5051/eth/v2/beacon/blocks/1596962,168.724,169.925
teku,2022-03-17 08:36:22.749358,http://localhost:5051/eth/v2/beacon/blocks/455549,19.749,20.915
teku,2022-03-17 08:36:22.749361,http://localhost:5051/eth/v2/beacon/blocks/2934888,51.163,52.372
teku,2022-03-17 08:36:22.749364,http://localhost:5051/eth/v2/beacon/blocks/755556,132.957,134.085
teku,2022-03-17 08:36:22.749367,http://localhost:5051/eth/v2/beacon/blocks/257074,2.96,3.892
teku,2022-03-17 08:36:22.749370,http://localhost:5051/eth/v2/beacon/blocks/2761231,20.081,21.186
teku,2022-03-17 08:36:22.749373,http://localhost:5051/eth/v2/beacon/blocks/155691,69.893,70.819
teku,2022-03-17 08:36:22.749376,http://localhost:5051/eth/v2/beacon/blocks/117602,21.391,22.453
teku,2022-03-17 08:36:22.749379,http://localhost:5051/eth/v2/beacon/blocks/900643,24.947,26.194
teku,2022-03-17 08:36:22.749382,http://localhost:5051/eth/v2/beacon/blocks/805828,18.617,19.719
teku,2022-03-17 08:36:22.749385,http://localhost:5051/eth/v2/beacon/blocks/1146842,13.244,14.158
teku,2022-03-17 08:36:22.749389,http://localhost:5051/eth/v2/beacon/blocks/2192910,37.591,38.861
teku,2022-03-17 08:36:22.749396,http://localhost:5051/eth/v2/beacon/blocks/435388,17.93,18.857
teku,2022-03-17 08:36:22.749399,http://localhost:5051/eth/v2/beacon/blocks/2023059,28.786,30.08
teku,2022-03-17 08:36:22.749402,http://localhost:5051/eth/v2/beacon/blocks/3106145,148.992,150.38
teku,2022-03-17 08:36:22.749422,http://localhost:5051/eth/v2/beacon/blocks/1130538,29.019,30.107
teku,2022-03-17 08:36:22.749426,http://localhost:5051/eth/v2/beacon/blocks/2206516,20.013,21.141
teku,2022-03-17 08:36:22.749429,http://localhost:5051/eth/v2/beacon/blocks/3209502,167.183,168.315
teku,2022-03-17 08:36:22.749432,http://localhost:5051/eth/v2/beacon/blocks/289722,18.79,19.77
teku,2022-03-17 08:36:22.749434,http://localhost:5051/eth/v2/beacon/blocks/2390069,28.113,29.203
teku,2022-03-17 08:36:22.749437,http://localhost:5051/eth/v2/beacon/blocks/1873859,34.822,36.136
teku,2022-03-17 08:36:22.749440,http://localhost:5051/eth/v2/beacon/blocks/962195,61.188,62.307
teku,2022-03-17 08:36:22.749443,http://localhost:5051/eth/v2/beacon/blocks/2723643,75.109,76.54
teku,2022-03-17 08:36:22.749446,http://localhost:5051/eth/v2/beacon/blocks/1507690,524.572,3525.839
teku,2022-03-17 08:36:22.749449,http://localhost:5051/eth/v2/beacon/blocks/1610237,10.656,12.166
teku,2022-03-17 08:36:22.749452,http://localhost:5051/eth/v2/beacon/blocks/1733860,3.451,4.445
teku,2022-03-17 08:36:22.749455,http://localhost:5051/eth/v2/beacon/blocks/3253163,355.64,357.295
teku,2022-03-17 08:36:22.749458,http://localhost:5051/eth/v2/beacon/blocks/2160289,22.429,23.996
teku,2022-03-17 08:36:22.749461,http://localhost:5051/eth/v2/beacon/blocks/1028999,19.737,20.675
teku,2022-03-17 08:36:22.749467,http://localhost:5051/eth/v2/beacon/blocks/922396,23.501,24.568
teku,2022-03-17 08:36:22.749470,http://localhost:5051/eth/v2/beacon/blocks/1087234,6.278,7.098
teku,2022-03-17 08:36:22.749473,http://localhost:5051/eth/v2/beacon/blocks/3310707,390.813,392.343
teku,2022-03-17 08:36:22.749477,http://localhost:5051/eth/v2/beacon/blocks/825052,26.073,27.306
teku,2022-03-17 08:36:22.749480,http://localhost:5051/eth/v2/beacon/blocks/695925,27.612,29.015
teku,2022-03-17 08:36:22.749483,http://localhost:5051/eth/v2/beacon/blocks/2781319,21.272,23.327
teku,2022-03-17 08:36:22.749486,http://localhost:5051/eth/v2/beacon/blocks/2722305,6.449,8.055
teku,2022-03-17 08:36:22.749582,http://localhost:5051/eth/v2/beacon/blocks/946703,26.465,27.679
teku,2022-03-17 08:36:22.749595,http://localhost:5051/eth/v2/beacon/blocks/249705,21.842,22.701
teku,2022-03-17 08:36:22.749599,http://localhost:5051/eth/v2/beacon/blocks/163166,17.467,18.309
teku,2022-03-17 08:36:22.749602,http://localhost:5051/eth/v2/beacon/blocks/1818490,42.923,44.162
teku,2022-03-17 08:36:22.749605,http://localhost:5051/eth/v2/beacon/blocks/2269056,32.41,33.95
teku,2022-03-17 08:36:22.749608,http://localhost:5051/eth/v2/beacon/blocks/2657943,18.995,20.64
teku,2022-03-17 08:36:22.749611,http://localhost:5051/eth/v2/beacon/blocks/183917,19.523,20.422
teku,2022-03-17 08:36:22.749615,http://localhost:5051/eth/v2/beacon/blocks/624312,22.644,23.886
teku,2022-03-17 08:36:22.749618,http://localhost:5051/eth/v2/beacon/blocks/1022905,17.667,18.757
teku,2022-03-17 08:36:22.749621,http://localhost:5051/eth/v2/beacon/blocks/3352352,1.403,2.185
teku,2022-03-17 08:36:22.749624,http://localhost:5051/eth/v2/beacon/blocks/3333368,1.187,2.095
teku,2022-03-17 08:36:22.749628,http://localhost:5051/eth/v2/beacon/blocks/2507615,6.742,8.152
teku,2022-03-17 08:36:22.749634,http://localhost:5051/eth/v2/beacon/blocks/2947497,23.424,24.591
teku,2022-03-17 08:36:22.749745,http://localhost:5051/eth/v2/beacon/blocks/1697651,22.743,23.719
teku,2022-03-17 08:36:22.749750,http://localhost:5051/eth/v2/beacon/blocks/1394969,16.766,17.663
teku,2022-03-17 08:36:22.749753,http://localhost:5051/eth/v2/beacon/blocks/125547,2.72,3.642
teku,2022-03-17 08:36:22.749756,http://localhost:5051/eth/v2/beacon/blocks/245781,20.571,21.494
teku,2022-03-17 08:36:22.749759,http://localhost:5051/eth/v2/beacon/blocks/1715322,25.638,26.787
teku,2022-03-17 08:36:22.749762,http://localhost:5051/eth/v2/beacon/blocks/1652883,29.825,31.964
teku,2022-03-17 08:36:22.749765,http://localhost:5051/eth/v2/beacon/blocks/245886,4.873,6.065
teku,2022-03-17 08:36:22.749769,http://localhost:5051/eth/v2/beacon/blocks/2675225,20.218,21.838
teku,2022-03-17 08:36:22.749772,http://localhost:5051/eth/v2/beacon/blocks/659786,15.72,16.794
teku,2022-03-17 08:36:22.749775,http://localhost:5051/eth/v2/beacon/blocks/1566490,21.521,22.685
teku,2022-03-17 08:36:22.749778,http://localhost:5051/eth/v2/beacon/blocks/1583524,21.869,22.962
teku,2022-03-17 08:36:22.749781,http://localhost:5051/eth/v2/beacon/blocks/278304,3.681,4.506
teku,2022-03-17 08:36:22.749784,http://localhost:5051/eth/v2/beacon/blocks/2237272,26.653,27.807
teku,2022-03-17 08:36:22.749787,http://localhost:5051/eth/v2/beacon/blocks/1319156,34.17,35.738
teku,2022-03-17 08:36:22.749922,http://localhost:5051/eth/v2/beacon/blocks/2198985,39.612,41.448
teku,2022-03-17 08:36:22.749930,http://localhost:5051/eth/v2/beacon/blocks/2959975,17.371,18.681
teku,2022-03-17 08:36:22.749933,http://localhost:5051/eth/v2/beacon/blocks/3071627,49.315,51.034
teku,2022-03-17 08:36:22.750120,http://localhost:5051/eth/v2/beacon/blocks/338993,25.891,30.463
teku,2022-03-17 08:36:22.750126,http://localhost:5051/eth/v2/beacon/blocks/1340242,16.716,18.666
teku,2022-03-17 08:36:22.750129,http://localhost:5051/eth/v2/beacon/blocks/3064276,132.915,134.319
teku,2022-03-17 08:36:22.750133,http://localhost:5051/eth/v2/beacon/blocks/676327,18.389,19.672
teku,2022-03-17 08:36:22.750136,http://localhost:5051/eth/v2/beacon/blocks/738962,15.545,16.768
teku,2022-03-17 08:36:22.750139,http://localhost:5051/eth/v2/beacon/blocks/1146734,15.266,16.255
teku,2022-03-17 08:36:22.750238,http://localhost:5051/eth/v2/beacon/blocks/1307545,44.338,45.322
teku,2022-03-17 08:36:22.750245,http://localhost:5051/eth/v2/beacon/blocks/909644,24.797,25.823
teku,2022-03-17 08:36:22.750248,http://localhost:5051/eth/v2/beacon/blocks/1435599,13.153,14.206
teku,2022-03-17 08:36:22.750267,http://localhost:5051/eth/v2/beacon/blocks/2073106,39.516,40.56
teku,2022-03-17 08:36:22.750270,http://localhost:5051/eth/v2/beacon/blocks/2141858,36.474,38.041
teku,2022-03-17 08:36:22.750357,http://localhost:5051/eth/v2/beacon/blocks/1939716,20.018,21.441
teku,2022-03-17 08:36:22.750363,http://localhost:5051/eth/v2/beacon/blocks/188168,14.107,15.044
teku,2022-03-17 08:36:22.750371,http://localhost:5051/eth/v2/beacon/blocks/1509668,85.105,86.346
teku,2022-03-17 08:36:22.750375,http://localhost:5051/eth/v2/beacon/blocks/948056,3.203,4.331
teku,2022-03-17 08:36:22.750397,http://localhost:5051/eth/v2/beacon/blocks/934662,23.749,24.811
teku,2022-03-17 08:36:22.750478,http://localhost:5051/eth/v2/beacon/blocks/1417616,26.174,27.336
teku,2022-03-17 08:36:22.750483,http://localhost:5051/eth/v2/beacon/blocks/1447305,25.264,26.244
teku,2022-03-17 08:36:22.750490,http://localhost:5051/eth/v2/beacon/blocks/1754195,35.37,36.553
teku,2022-03-17 08:36:22.750493,http://localhost:5051/eth/v2/beacon/blocks/2549057,30.242,31.69
teku,2022-03-17 08:36:22.750606,http://localhost:5051/eth/v2/beacon/blocks/2517526,28.444,29.879
teku,2022-03-17 08:36:22.750631,http://localhost:5051/eth/v2/beacon/blocks/474921,19.64,20.695
teku,2022-03-17 08:36:22.750635,http://localhost:5051/eth/v2/beacon/blocks/674322,26.83,27.907
teku,2022-03-17 08:36:22.750638,http://localhost:5051/eth/v2/beacon/blocks/2130432,38.916,40.257
teku,2022-03-17 08:36:22.750641,http://localhost:5051/eth/v2/beacon/blocks/2216835,23.121,24.751
teku,2022-03-17 08:36:22.750644,http://localhost:5051/eth/v2/beacon/blocks/2700097,6.428,7.668
teku,2022-03-17 08:36:22.750647,http://localhost:5051/eth/v2/beacon/blocks/2921738,16.526,17.886
teku,2022-03-17 08:36:22.750650,http://localhost:5051/eth/v2/beacon/blocks/2797534,17.807,19.014
teku,2022-03-17 08:36:22.750653,http://localhost:5051/eth/v2/beacon/blocks/1091481,4.793,5.71
teku,2022-03-17 08:36:22.750657,http://localhost:5051/eth/v2/beacon/blocks/1055860,4.554,5.381
teku,2022-03-17 08:36:22.750733,http://localhost:5051/eth/v2/beacon/blocks/2618377,25.764,26.936
teku,2022-03-17 08:36:22.750737,http://localhost:5051/eth/v2/beacon/blocks/2897404,56.766,58.084
teku,2022-03-17 08:36:22.750740,http://localhost:5051/eth/v2/beacon/blocks/2952505,17.247,18.596
teku,2022-03-17 08:36:22.750743,http://localhost:5051/eth/v2/beacon/blocks/736712,581.198,3582.217
teku,2022-03-17 08:36:22.750746,http://localhost:5051/eth/v2/beacon/blocks/2924158,31.617,32.931
teku,2022-03-17 08:36:22.750749,http://localhost:5051/eth/v2/beacon/blocks/508728,64.38,65.311
teku,2022-03-17 08:36:22.750753,http://localhost:5051/eth/v2/beacon/blocks/2726259,20.441,21.85
teku,2022-03-17 08:36:22.750756,http://localhost:5051/eth/v2/beacon/blocks/1556272,15.459,16.516
teku,2022-03-17 08:36:22.750759,http://localhost:5051/eth/v2/beacon/blocks/2429717,34.21,35.293
teku,2022-03-17 08:36:22.750762,http://localhost:5051/eth/v2/beacon/blocks/1619963,24.284,25.881
teku,2022-03-17 08:36:22.750765,http://localhost:5051/eth/v2/beacon/blocks/3273763,164.388,165.888
teku,2022-03-17 08:36:22.750768,http://localhost:5051/eth/v2/beacon/blocks/714514,29.892,31.18
teku,2022-03-17 08:36:22.750772,http://localhost:5051/eth/v2/beacon/blocks/536158,14.938,16.06
teku,2022-03-17 08:36:22.750775,http://localhost:5051/eth/v2/beacon/blocks/2127909,28.412,29.599
teku,2022-03-17 08:36:22.750964,http://localhost:5051/eth/v2/beacon/blocks/1537010,45.344,46.357
teku,2022-03-17 08:36:22.750969,http://localhost:5051/eth/v2/beacon/blocks/370297,15.415,16.331
teku,2022-03-17 08:36:22.750972,http://localhost:5051/eth/v2/beacon/blocks/3215421,209.499,210.577
teku,2022-03-17 08:36:22.750975,http://localhost:5051/eth/v2/beacon/blocks/13958,16.438,17.261
teku,2022-03-17 08:36:22.750978,http://localhost:5051/eth/v2/beacon/blocks/2881050,44.979,45.963
teku,2022-03-17 08:36:22.750981,http://localhost:5051/eth/v2/beacon/blocks/226714,2.813,3.625
teku,2022-03-17 08:36:22.750984,http://localhost:5051/eth/v2/beacon/blocks/1124981,21.197,21.972
teku,2022-03-17 08:36:22.750987,http://localhost:5051/eth/v2/beacon/blocks/2012897,34.713,35.781
teku,2022-03-17 08:36:22.750990,http://localhost:5051/eth/v2/beacon/blocks/441433,35.238,36.092
teku,2022-03-17 08:36:22.750993,http://localhost:5051/eth/v2/beacon/blocks/312148,63.435,64.242
teku,2022-03-17 08:36:22.751001,http://localhost:5051/eth/v2/beacon/blocks/3323233,306.485,307.84
teku,2022-03-17 08:36:22.751004,http://localhost:5051/eth/v2/beacon/blocks/2784906,22.952,24.373
teku,2022-03-17 08:36:22.751007,http://localhost:5051/eth/v2/beacon/blocks/3309606,521.063,522.509
teku,2022-03-17 08:36:22.751010,http://localhost:5051/eth/v2/beacon/blocks/1164707,18.539,19.687
teku,2022-03-17 08:36:22.751013,http://localhost:5051/eth/v2/beacon/blocks/510518,239.195,240.69
teku,2022-03-17 08:36:22.751016,http://localhost:5051/eth/v2/beacon/blocks/1781591,22.262,25.142
teku,2022-03-17 08:36:22.751019,http://localhost:5051/eth/v2/beacon/blocks/857477,64.311,66.046
teku,2022-03-17 08:36:22.751022,http://localhost:5051/eth/v2/beacon/blocks/464546,20.625,21.999
teku,2022-03-17 08:36:22.751122,http://localhost:5051/eth/v2/beacon/blocks/2700782,17.85,19.09
teku,2022-03-17 08:36:22.751307,http://localhost:5051/eth/v2/beacon/blocks/1209296,4.385,5.339
teku,2022-03-17 08:36:22.751317,http://localhost:5051/eth/v2/beacon/blocks/756365,11.213,12.179
teku,2022-03-17 08:36:22.751320,http://localhost:5051/eth/v2/beacon/blocks/2338247,26.155,27.573
teku,2022-03-17 08:36:22.751323,http://localhost:5051/eth/v2/beacon/blocks/1301789,45.7,47.203
teku,2022-03-17 08:36:22.751326,http://localhost:5051/eth/v2/beacon/blocks/1546357,5.2,6.355
teku,2022-03-17 08:36:22.751329,http://localhost:5051/eth/v2/beacon/blocks/150467,14.411,15.229
teku,2022-03-17 08:36:22.751333,http://localhost:5051/eth/v2/beacon/blocks/3269564,159.56,160.957
teku,2022-03-17 08:36:22.751336,http://localhost:5051/eth/v2/beacon/blocks/779989,14.787,15.715
teku,2022-03-17 08:36:22.751339,http://localhost:5051/eth/v2/beacon/blocks/1399629,28.762,29.78
teku,2022-03-17 08:36:22.751342,http://localhost:5051/eth/v2/beacon/blocks/1413333,4.91,6.009
teku,2022-03-17 08:36:22.751361,http://localhost:5051/eth/v2/beacon/blocks/384435,3.074,3.823
teku,2022-03-17 08:36:22.751365,http://localhost:5051/eth/v2/beacon/blocks/18631,14.834,15.603
teku,2022-03-17 08:36:22.751368,http://localhost:5051/eth/v2/beacon/blocks/1442393,42.353,43.38
teku,2022-03-17 08:36:22.751371,http://localhost:5051/eth/v2/beacon/blocks/1665775,21.156,22.636
teku,2022-03-17 08:36:22.751374,http://localhost:5051/eth/v2/beacon/blocks/2985852,27.443,28.82
teku,2022-03-17 08:36:22.751383,http://localhost:5051/eth/v2/beacon/blocks/2797942,17.879,19.077
teku,2022-03-17 08:36:22.751387,http://localhost:5051/eth/v2/beacon/blocks/2005210,19.286,20.259
teku,2022-03-17 08:36:22.751390,http://localhost:5051/eth/v2/beacon/blocks/273461,17.05,17.954
teku,2022-03-17 08:36:22.751393,http://localhost:5051/eth/v2/beacon/blocks/2747382,13.156,14.433
teku,2022-03-17 08:36:22.751396,http://localhost:5051/eth/v2/beacon/blocks/2756729,16.141,17.455
teku,2022-03-17 08:36:22.751399,http://localhost:5051/eth/v2/beacon/blocks/3036625,23.069,24.345
teku,2022-03-17 08:36:22.751402,http://localhost:5051/eth/v2/beacon/blocks/702148,25.572,26.579
teku,2022-03-17 08:36:22.751405,http://localhost:5051/eth/v2/beacon/blocks/2446802,19.552,20.746
teku,2022-03-17 08:36:22.751408,http://localhost:5051/eth/v2/beacon/blocks/3088318,133.034,134.391
teku,2022-03-17 08:36:22.751411,http://localhost:5051/eth/v2/beacon/blocks/2699856,34.594,35.548
teku,2022-03-17 08:36:22.751414,http://localhost:5051/eth/v2/beacon/blocks/2072321,6.12,7.223
teku,2022-03-17 08:36:22.751417,http://localhost:5051/eth/v2/beacon/blocks/1879482,15.858,17.037
teku,2022-03-17 08:36:22.751423,http://localhost:5051/eth/v2/beacon/blocks/2548492,158.989,160.366
teku,2022-03-17 08:36:22.751426,http://localhost:5051/eth/v2/beacon/blocks/473778,21.087,22.396
teku,2022-03-17 08:36:22.751430,http://localhost:5051/eth/v2/beacon/blocks/157956,14.054,15.129
teku,2022-03-17 08:36:22.751433,http://localhost:5051/eth/v2/beacon/blocks/1251571,30.385,31.592
teku,2022-03-17 08:36:22.751436,http://localhost:5051/eth/v2/beacon/blocks/1607889,16.268,17.38
teku,2022-03-17 08:36:22.751439,http://localhost:5051/eth/v2/beacon/blocks/2767235,26.845,28.032
teku,2022-03-17 08:36:22.751442,http://localhost:5051/eth/v2/beacon/blocks/3248354,196.758,197.937
teku,2022-03-17 08:36:22.751463,http://localhost:5051/eth/v2/beacon/blocks/2230287,23.123,24.725
teku,2022-03-17 08:36:22.751466,http://localhost:5051/eth/v2/beacon/blocks/1386296,90.788,91.966
teku,2022-03-17 08:36:22.751469,http://localhost:5051/eth/v2/beacon/blocks/2545829,19.133,20.529
teku,2022-03-17 08:36:22.751472,http://localhost:5051/eth/v2/beacon/blocks/1982335,21.225,22.348
teku,2022-03-17 08:36:22.751475,http://localhost:5051/eth/v2/beacon/blocks/2682720,31.963,33.177
teku,2022-03-17 08:36:22.751478,http://localhost:5051/eth/v2/beacon/blocks/2960855,18.689,19.936
teku,2022-03-17 08:36:22.751481,http://localhost:5051/eth/v2/beacon/blocks/1201272,21.574,22.358
teku,2022-03-17 08:36:22.751484,http://localhost:5051/eth/v2/beacon/blocks/2547255,39.312,40.617
teku,2022-03-17 08:36:22.751502,http://localhost:5051/eth/v2/beacon/blocks/2496561,28.374,29.876
teku,2022-03-17 08:36:22.751505,http://localhost:5051/eth/v2/beacon/blocks/426706,4.693,5.705
teku,2022-03-17 08:36:22.751600,http://localhost:5051/eth/v2/beacon/blocks/1504420,23.56,24.417
teku,2022-03-17 08:36:22.751606,http://localhost:5051/eth/v2/beacon/blocks/1098784,19.369,20.372
teku,2022-03-17 08:36:22.751608,http://localhost:5051/eth/v2/beacon/blocks/3286625,820.677,821.71
teku,2022-03-17 08:36:22.751611,http://localhost:5051/eth/v2/beacon/blocks/2205906,23.124,24.45
teku,2022-03-17 08:36:22.751614,http://localhost:5051/eth/v2/beacon/blocks/462748,19.261,20.268
teku,2022-03-17 08:36:22.751617,http://localhost:5051/eth/v2/beacon/blocks/3115107,254.142,255.76
teku,2022-03-17 08:36:22.751751,http://localhost:5051/eth/v2/beacon/blocks/1997525,21.107,22.213
teku,2022-03-17 08:36:22.751758,http://localhost:5051/eth/v2/beacon/blocks/2204360,16.304,17.61
teku,2022-03-17 08:36:22.751762,http://localhost:5051/eth/v2/beacon/blocks/1957072,21.185,22.968
teku,2022-03-17 08:36:22.751765,http://localhost:5051/eth/v2/beacon/blocks/3169313,191.245,192.81
teku,2022-03-17 08:36:22.751768,http://localhost:5051/eth/v2/beacon/blocks/152948,19.732,20.688
teku,2022-03-17 08:36:22.751771,http://localhost:5051/eth/v2/beacon/blocks/716469,19.591,21.013
teku,2022-03-17 08:36:22.751774,http://localhost:5051/eth/v2/beacon/blocks/1890156,107.614,108.906
teku,2022-03-17 08:36:22.751777,http://localhost:5051/eth/v2/beacon/blocks/270390,22.972,23.891
teku,2022-03-17 08:36:22.751780,http://localhost:5051/eth/v2/beacon/blocks/370437,17.222,18.153
teku,2022-03-17 08:36:22.751783,http://localhost:5051/eth/v2/beacon/blocks/60746,2.312,3.155
teku,2022-03-17 08:36:22.751786,http://localhost:5051/eth/v2/beacon/blocks/141651,15.399,16.116
teku,2022-03-17 08:36:22.751789,http://localhost:5051/eth/v2/beacon/blocks/1861885,28.547,29.684
teku,2022-03-17 08:36:22.751792,http://localhost:5051/eth/v2/beacon/blocks/1263697,15.034,15.879
teku,2022-03-17 08:36:22.751805,http://localhost:5051/eth/v2/beacon/blocks/935360,30.129,31.023
teku,2022-03-17 08:36:22.751808,http://localhost:5051/eth/v2/beacon/blocks/482421,11.573,12.267
teku,2022-03-17 08:36:22.751812,http://localhost:5051/eth/v2/beacon/blocks/764836,25.021,25.961
teku,2022-03-17 08:36:22.751815,http://localhost:5051/eth/v2/beacon/blocks/35058,17.518,18.336
teku,2022-03-17 08:36:22.751818,http://localhost:5051/eth/v2/beacon/blocks/527938,18.31,19.374
teku,2022-03-17 08:36:22.751910,http://localhost:5051/eth/v2/beacon/blocks/2951110,23.234,24.508
teku,2022-03-17 08:36:22.751916,http://localhost:5051/eth/v2/beacon/blocks/2363408,14.946,16.288
teku,2022-03-17 08:36:22.751919,http://localhost:5051/eth/v2/beacon/blocks/1926221,37.055,38.122
teku,2022-03-17 08:36:22.751922,http://localhost:5051/eth/v2/beacon/blocks/3237237,190.606,191.797
teku,2022-03-17 08:36:22.752104,http://localhost:5051/eth/v2/beacon/blocks/2898030,20.254,21.501
teku,2022-03-17 08:36:22.752108,http://localhost:5051/eth/v2/beacon/blocks/2808539,18.469,19.62
teku,2022-03-17 08:36:22.752111,http://localhost:5051/eth/v2/beacon/blocks/2356863,75.643,76.673
teku,2022-03-17 08:36:22.752114,http://localhost:5051/eth/v2/beacon/blocks/731563,38.016,39.159
teku,2022-03-17 08:36:22.752117,http://localhost:5051/eth/v2/beacon/blocks/1019539,25.708,27.329
teku,2022-03-17 08:36:22.752120,http://localhost:5051/eth/v2/beacon/blocks/2261698,6.614,8.99
teku,2022-03-17 08:36:22.752127,http://localhost:5051/eth/v2/beacon/blocks/1589822,12.424,13.545
teku,2022-03-17 08:36:22.752131,http://localhost:5051/eth/v2/beacon/blocks/997495,22.019,23.253
teku,2022-03-17 08:36:22.752134,http://localhost:5051/eth/v2/beacon/blocks/510668,14.507,15.408
teku,2022-03-17 08:36:22.752137,http://localhost:5051/eth/v2/beacon/blocks/1229559,44.693,46.632
teku,2022-03-17 08:36:22.752140,http://localhost:5051/eth/v2/beacon/blocks/3202864,158.518,160.6
teku,2022-03-17 08:36:22.752143,http://localhost:5051/eth/v2/beacon/blocks/418659,4.261,6.077
teku,2022-03-17 08:36:22.752146,http://localhost:5051/eth/v2/beacon/blocks/1506892,36.139,37.438
teku,2022-03-17 08:36:22.752148,http://localhost:5051/eth/v2/beacon/blocks/1860783,21.934,23.059
teku,2022-03-17 08:36:22.752151,http://localhost:5051/eth/v2/beacon/blocks/2268864,6.733,8.055
teku,2022-03-17 08:36:22.752154,http://localhost:5051/eth/v2/beacon/blocks/598494,10.84,11.839
teku,2022-03-17 08:36:22.752157,http://localhost:5051/eth/v2/beacon/blocks/90526,18.277,19.252
teku,2022-03-17 08:36:22.752160,http://localhost:5051/eth/v2/beacon/blocks/3219353,184.825,185.986
teku,2022-03-17 08:36:22.752163,http://localhost:5051/eth/v2/beacon/blocks/1856716,211.54,213.571
teku,2022-03-17 08:36:22.752166,http://localhost:5051/eth/v2/beacon/blocks/2639288,19.158,20.58
teku,2022-03-17 08:36:22.752169,http://localhost:5051/eth/v2/beacon/blocks/1682384,21.138,22.409
teku,2022-03-17 08:36:22.752172,http://localhost:5051/eth/v2/beacon/blocks/1213205,26.517,27.67
teku,2022-03-17 08:36:22.752175,http://localhost:5051/eth/v2/beacon/blocks/1463573,24.029,25.321
teku,2022-03-17 08:36:22.752178,http://localhost:5051/eth/v2/beacon/blocks/2473324,17.41,18.787
teku,2022-03-17 08:36:22.752181,http://localhost:5051/eth/v2/beacon/blocks/1690313,16.475,18.082
teku,2022-03-17 08:36:22.752184,http://localhost:5051/eth/v2/beacon/blocks/2799852,20.578,21.957
teku,2022-03-17 08:36:22.752187,http://localhost:5051/eth/v2/beacon/blocks/722227,19.363,20.516
teku,2022-03-17 08:36:22.752192,http://localhost:5051/eth/v2/beacon/blocks/782460,5.245,6.325
teku,2022-03-17 08:36:22.752198,http://localhost:5051/eth/v2/beacon/blocks/1637734,16.563,18.932
teku,2022-03-17 08:36:22.752201,http://localhost:5051/eth/v2/beacon/blocks/2901973,40.948,42.422
teku,2022-03-17 08:36:22.752204,http://localhost:5051/eth/v2/beacon/blocks/1620183,15.132,16.217
teku,2022-03-17 08:36:22.752207,http://localhost:5051/eth/v2/beacon/blocks/748467,25.906,26.907
teku,2022-03-17 08:36:22.752210,http://localhost:5051/eth/v2/beacon/blocks/1955027,31.201,32.988
teku,2022-03-17 08:36:22.752212,http://localhost:5051/eth/v2/beacon/blocks/1103637,16.628,18.682
teku,2022-03-17 08:36:22.752215,http://localhost:5051/eth/v2/beacon/blocks/3045817,29.628,33.226
teku,2022-03-17 08:36:22.752218,http://localhost:5051/eth/v2/beacon/blocks/3242571,217.33,218.786
teku,2022-03-17 08:36:22.752221,http://localhost:5051/eth/v2/beacon/blocks/2096790,22.774,24.236
teku,2022-03-17 08:36:22.752224,http://localhost:5051/eth/v2/beacon/blocks/894876,74.573,75.61
teku,2022-03-17 08:36:22.752237,http://localhost:5051/eth/v2/beacon/blocks/619326,19.819,20.887
teku,2022-03-17 08:36:22.752240,http://localhost:5051/eth/v2/beacon/blocks/1561555,22.259,23.283
teku,2022-03-17 08:36:22.752261,http://localhost:5051/eth/v2/beacon/blocks/3299299,598.594,600.095
teku,2022-03-17 08:36:22.752264,http://localhost:5051/eth/v2/beacon/blocks/1012800,151.776,153.162
teku,2022-03-17 08:36:22.752267,http://localhost:5051/eth/v2/beacon/blocks/64968,21.527,22.65
teku,2022-03-17 08:36:22.752270,http://localhost:5051/eth/v2/beacon/blocks/2390854,22.239,24.3
teku,2022-03-17 08:36:22.752274,http://localhost:5051/eth/v2/beacon/blocks/1068270,19.944,22.797
teku,2022-03-17 08:36:22.752277,http://localhost:5051/eth/v2/beacon/blocks/2534375,23.715,24.871
teku,2022-03-17 08:36:22.752280,http://localhost:5051/eth/v2/beacon/blocks/227538,41.307,42.343
teku,2022-03-17 08:36:22.752283,http://localhost:5051/eth/v2/beacon/blocks/845504,21.159,23.086
teku,2022-03-17 08:36:22.752286,http://localhost:5051/eth/v2/beacon/blocks/3028482,29.666,32.477
teku,2022-03-17 08:36:22.752290,http://localhost:5051/eth/v2/beacon/blocks/116757,2.749,4.258
teku,2022-03-17 08:36:22.752293,http://localhost:5051/eth/v2/beacon/blocks/878168,22.555,23.59
teku,2022-03-17 08:36:22.752296,http://localhost:5051/eth/v2/beacon/blocks/2724289,20.277,22.011
teku,2022-03-17 08:36:22.752299,http://localhost:5051/eth/v2/beacon/blocks/714527,13.352,16.051
teku,2022-03-17 08:36:22.752302,http://localhost:5051/eth/v2/beacon/blocks/856017,22.107,23.074
teku,2022-03-17 08:36:22.752306,http://localhost:5051/eth/v2/beacon/blocks/2449583,24.246,26.326
teku,2022-03-17 08:36:22.752309,http://localhost:5051/eth/v2/beacon/blocks/147461,8.455,9.806
teku,2022-03-17 08:36:22.752312,http://localhost:5051/eth/v2/beacon/blocks/1929078,18.407,19.385
teku,2022-03-17 08:36:22.752315,http://localhost:5051/eth/v2/beacon/blocks/360133,12.754,13.615
teku,2022-03-17 08:36:22.752318,http://localhost:5051/eth/v2/beacon/blocks/174794,16.079,16.992
teku,2022-03-17 08:36:22.752321,http://localhost:5051/eth/v2/beacon/blocks/1553997,4.567,5.722
teku,2022-03-17 08:36:22.752325,http://localhost:5051/eth/v2/beacon/blocks/2683604,56.716,59.627
teku,2022-03-17 08:36:22.752328,http://localhost:5051/eth/v2/beacon/blocks/3271425,264.598,266.608
teku,2022-03-17 08:36:22.752331,http://localhost:5051/eth/v2/beacon/blocks/2815996,19.573,20.891
teku,2022-03-17 08:36:22.752339,http://localhost:5051/eth/v2/beacon/blocks/1582659,104.043,105.149
teku,2022-03-17 08:36:22.752342,http://localhost:5051/eth/v2/beacon/blocks/606879,3.747,5.282
teku,2022-03-17 08:36:22.752346,http://localhost:5051/eth/v2/beacon/blocks/2605778,30.228,31.209
teku,2022-03-17 08:36:22.752349,http://localhost:5051/eth/v2/beacon/blocks/397507,14.78,15.742
teku,2022-03-17 08:36:22.752352,http://localhost:5051/eth/v2/beacon/blocks/375833,18.736,19.675
teku,2022-03-17 08:36:22.752355,http://localhost:5051/eth/v2/beacon/blocks/3142684,392.972,394.302
teku,2022-03-17 08:36:22.752361,http://localhost:5051/eth/v2/beacon/blocks/870005,21.784,22.98
teku,2022-03-17 08:36:22.752364,http://localhost:5051/eth/v2/beacon/blocks/2421812,28.907,30.475
teku,2022-03-17 08:36:22.752367,http://localhost:5051/eth/v2/beacon/blocks/652154,15.375,16.987
teku,2022-03-17 08:36:22.752370,http://localhost:5051/eth/v2/beacon/blocks/205319,24.236,25.356
teku,2022-03-17 08:36:22.752374,http://localhost:5051/eth/v2/beacon/blocks/3144969,279.114,280.325
teku,2022-03-17 08:36:22.752377,http://localhost:5051/eth/v2/beacon/blocks/2375525,55.307,56.542
teku,2022-03-17 08:36:22.752380,http://localhost:5051/eth/v2/beacon/blocks/3152562,356.87,358.255
teku,2022-03-17 08:36:22.752383,http://localhost:5051/eth/v2/beacon/blocks/3194360,457.348,458.505
teku,2022-03-17 08:36:22.752386,http://localhost:5051/eth/v2/beacon/blocks/1411588,7.773,8.8
teku,2022-03-17 08:36:22.752392,http://localhost:5051/eth/v2/beacon/blocks/1195925,48.377,49.35
teku,2022-03-17 08:36:22.752395,http://localhost:5051/eth/v2/beacon/blocks/563923,44.454,45.703
teku,2022-03-17 08:36:22.752398,http://localhost:5051/eth/v2/beacon/blocks/2810403,21.843,22.952
teku,2022-03-17 08:36:22.752401,http://localhost:5051/eth/v2/beacon/blocks/2761768,17.274,18.365
teku,2022-03-17 08:36:22.752404,http://localhost:5051/eth/v2/beacon/blocks/2965423,20.998,22.074
teku,2022-03-17 08:36:22.752407,http://localhost:5051/eth/v2/beacon/blocks/1995694,32.718,33.93
teku,2022-03-17 08:36:22.752411,http://localhost:5051/eth/v2/beacon/blocks/2426523,90.314,91.716
teku,2022-03-17 08:36:22.752414,http://localhost:5051/eth/v2/beacon/blocks/663564,20.561,21.646
teku,2022-03-17 08:36:22.752417,http://localhost:5051/eth/v2/beacon/blocks/2916167,21.487,22.673
teku,2022-03-17 08:36:22.752423,http://localhost:5051/eth/v2/beacon/blocks/1877215,35.936,37.299
teku,2022-03-17 08:36:22.752426,http://localhost:5051/eth/v2/beacon/blocks/1303263,24.256,25.482
teku,2022-03-17 08:36:22.752429,http://localhost:5051/eth/v2/beacon/blocks/2949585,18.958,20.036
teku,2022-03-17 08:36:22.752436,http://localhost:5051/eth/v2/beacon/blocks/1090839,3.427,4.195
teku,2022-03-17 08:36:22.752440,http://localhost:5051/eth/v2/beacon/blocks/693188,13.483,14.521
teku,2022-03-17 08:36:22.752443,http://localhost:5051/eth/v2/beacon/blocks/984740,29.484,30.53
teku,2022-03-17 08:36:22.752446,http://localhost:5051/eth/v2/beacon/blocks/2093306,19.245,20.393
teku,2022-03-17 08:36:22.752449,http://localhost:5051/eth/v2/beacon/blocks/1546178,38.134,39.393
teku,2022-03-17 08:36:22.752453,http://localhost:5051/eth/v2/beacon/blocks/900408,14.186,15.067
teku,2022-03-17 08:36:22.752456,http://localhost:5051/eth/v2/beacon/blocks/1300763,47.266,48.169
teku,2022-03-17 08:36:22.752459,http://localhost:5051/eth/v2/beacon/blocks/3067746,7.176,8.438
teku,2022-03-17 08:36:22.752462,http://localhost:5051/eth/v2/beacon/blocks/2108223,24.852,25.997
teku,2022-03-17 08:36:22.752468,http://localhost:5051/eth/v2/beacon/blocks/2201120,47.015,48.395
teku,2022-03-17 08:36:22.752471,http://localhost:5051/eth/v2/beacon/blocks/2459648,16.508,17.765
teku,2022-03-17 08:36:22.752474,http://localhost:5051/eth/v2/beacon/blocks/3170873,215.982,217.015
teku,2022-03-17 08:36:22.752477,http://localhost:5051/eth/v2/beacon/blocks/653266,15.12,16.115
teku,2022-03-17 08:36:22.752481,http://localhost:5051/eth/v2/beacon/blocks/521993,24.42,25.316
teku,2022-03-17 08:36:22.752484,http://localhost:5051/eth/v2/beacon/blocks/2414617,6.24,7.358
teku,2022-03-17 08:36:22.752487,http://localhost:5051/eth/v2/beacon/blocks/3034308,37.476,38.569
teku,2022-03-17 08:36:22.752490,http://localhost:5051/eth/v2/beacon/blocks/2380230,26.839,28.031
teku,2022-03-17 08:36:22.752493,http://localhost:5051/eth/v2/beacon/blocks/1526987,108.219,109.947
teku,2022-03-17 08:36:22.752496,http://localhost:5051/eth/v2/beacon/blocks/1854413,33.006,34.196
teku,2022-03-17 08:36:22.752499,http://localhost:5051/eth/v2/beacon/blocks/2407428,20.439,21.625
teku,2022-03-17 08:36:22.752503,http://localhost:5051/eth/v2/beacon/blocks/54789,20.238,21.032
teku,2022-03-17 08:36:22.752506,http://localhost:5051/eth/v2/beacon/blocks/2026467,22.002,23.126
teku,2022-03-17 08:36:22.752509,http://localhost:5051/eth/v2/beacon/blocks/503152,14.565,15.444
teku,2022-03-17 08:36:22.752512,http://localhost:5051/eth/v2/beacon/blocks/1954614,27.592,28.913
teku,2022-03-17 08:36:22.752515,http://localhost:5051/eth/v2/beacon/blocks/2329618,33.785,34.964
teku,2022-03-17 08:36:22.752518,http://localhost:5051/eth/v2/beacon/blocks/1940724,50.663,52.315
teku,2022-03-17 08:36:22.752522,http://localhost:5051/eth/v2/beacon/blocks/3189767,209.414,210.766
teku,2022-03-17 08:36:22.752525,http://localhost:5051/eth/v2/beacon/blocks/2739210,35.162,36.707
teku,2022-03-17 08:36:22.752528,http://localhost:5051/eth/v2/beacon/blocks/2530125,70.168,71.877
teku,2022-03-17 08:36:22.752531,http://localhost:5051/eth/v2/beacon/blocks/3007170,237.319,238.727
teku,2022-03-17 08:36:22.752534,http://localhost:5051/eth/v2/beacon/blocks/2582990,31.802,33.131
teku,2022-03-17 08:36:22.752537,http://localhost:5051/eth/v2/beacon/blocks/662741,14.371,15.618
teku,2022-03-17 08:36:22.752558,http://localhost:5051/eth/v2/beacon/blocks/652839,76.762,79.113
teku,2022-03-17 08:36:22.752561,http://localhost:5051/eth/v2/beacon/blocks/1214800,30.328,31.524
teku,2022-03-17 08:36:22.752564,http://localhost:5051/eth/v2/beacon/blocks/1939586,27.631,28.814
teku,2022-03-17 08:36:22.752567,http://localhost:5051/eth/v2/beacon/blocks/650388,9.163,10.002
teku,2022-03-17 08:36:22.752570,http://localhost:5051/eth/v2/beacon/blocks/15974,10.438,11.11
teku,2022-03-17 08:36:22.752574,http://localhost:5051/eth/v2/beacon/blocks/1993582,47.725,48.761
teku,2022-03-17 08:36:22.752579,http://localhost:5051/eth/v2/beacon/blocks/1092573,45.676,46.864
teku,2022-03-17 08:36:22.752582,http://localhost:5051/eth/v2/beacon/blocks/204799,16.267,17.159
teku,2022-03-17 08:36:22.752585,http://localhost:5051/eth/v2/beacon/blocks/778996,7.155,8.057
teku,2022-03-17 08:36:22.752588,http://localhost:5051/eth/v2/beacon/blocks/2616640,5.005,5.94
teku,2022-03-17 08:36:22.752594,http://localhost:5051/eth/v2/beacon/blocks/472023,19.787,20.653
teku,2022-03-17 08:36:22.752597,http://localhost:5051/eth/v2/beacon/blocks/2283693,24.852,26.198
teku,2022-03-17 08:36:22.752672,http://localhost:5051/eth/v2/beacon/blocks/700395,29.896,30.805
teku,2022-03-17 08:36:22.752682,http://localhost:5051/eth/v2/beacon/blocks/1720612,21.276,22.219
teku,2022-03-17 08:36:22.752685,http://localhost:5051/eth/v2/beacon/blocks/730313,15.845,16.754
teku,2022-03-17 08:36:22.752688,http://localhost:5051/eth/v2/beacon/blocks/2856996,5.387,6.465
teku,2022-03-17 08:36:22.752691,http://localhost:5051/eth/v2/beacon/blocks/2184815,24.6,25.474
teku,2022-03-17 08:36:22.752694,http://localhost:5051/eth/v2/beacon/blocks/2396646,21.037,22.033
teku,2022-03-17 08:36:22.752698,http://localhost:5051/eth/v2/beacon/blocks/1944502,38.665,39.791
teku,2022-03-17 08:36:22.752701,http://localhost:5051/eth/v2/beacon/blocks/1696084,27.148,28.311
teku,2022-03-17 08:36:22.752704,http://localhost:5051/eth/v2/beacon/blocks/566941,17.893,18.8
teku,2022-03-17 08:36:22.752707,http://localhost:5051/eth/v2/beacon/blocks/838814,33.17,34.222
teku,2022-03-17 08:36:22.752710,http://localhost:5051/eth/v2/beacon/blocks/354558,14.937,15.886
teku,2022-03-17 08:36:22.752713,http://localhost:5051/eth/v2/beacon/blocks/1420084,17.377,18.289
teku,2022-03-17 08:36:22.752716,http://localhost:5051/eth/v2/beacon/blocks/1215284,15.535,16.443
teku,2022-03-17 08:36:22.752747,http://localhost:5051/eth/v2/beacon/blocks/2983576,22.061,23.297
teku,2022-03-17 08:36:22.752750,http://localhost:5051/eth/v2/beacon/blocks/2522980,34.653,35.903
teku,2022-03-17 08:36:22.752753,http://localhost:5051/eth/v2/beacon/blocks/2095692,41.167,42.422
teku,2022-03-17 08:36:22.752756,http://localhost:5051/eth/v2/beacon/blocks/2429170,30.163,31.497
teku,2022-03-17 08:36:22.752759,http://localhost:5051/eth/v2/beacon/blocks/851800,3.17,4.005
teku,2022-03-17 08:36:22.752763,http://localhost:5051/eth/v2/beacon/blocks/1292238,18.192,19.17
teku,2022-03-17 08:36:22.752766,http://localhost:5051/eth/v2/beacon/blocks/1840,5.738,6.696
teku,2022-03-17 08:36:22.752769,http://localhost:5051/eth/v2/beacon/blocks/1663301,15.166,16.277
teku,2022-03-17 08:36:22.752772,http://localhost:5051/eth/v2/beacon/blocks/2964808,23.535,24.871
teku,2022-03-17 08:36:22.752776,http://localhost:5051/eth/v2/beacon/blocks/824514,28.001,29.086
teku,2022-03-17 08:36:22.752779,http://localhost:5051/eth/v2/beacon/blocks/2785678,28.061,29.402
teku,2022-03-17 08:36:22.752782,http://localhost:5051/eth/v2/beacon/blocks/277754,4.836,5.769
teku,2022-03-17 08:36:22.752785,http://localhost:5051/eth/v2/beacon/blocks/3033540,11.717,12.692
teku,2022-03-17 08:36:22.752788,http://localhost:5051/eth/v2/beacon/blocks/1887420,13.649,14.75
teku,2022-03-17 08:36:22.752792,http://localhost:5051/eth/v2/beacon/blocks/136289,17.68,18.552
teku,2022-03-17 08:36:22.752795,http://localhost:5051/eth/v2/beacon/blocks/859417,60.632,61.759
teku,2022-03-17 08:36:22.752798,http://localhost:5051/eth/v2/beacon/blocks/2863978,49.024,50.303
teku,2022-03-17 08:36:22.752801,http://localhost:5051/eth/v2/beacon/blocks/2387074,49.01,50.334
teku,2022-03-17 08:36:22.752804,http://localhost:5051/eth/v2/beacon/blocks/2254611,34.675,35.999
teku,2022-03-17 08:36:22.752807,http://localhost:5051/eth/v2/beacon/blocks/2631750,18.157,19.526
teku,2022-03-17 08:36:22.752811,http://localhost:5051/eth/v2/beacon/blocks/3038283,15.801,17.101
teku,2022-03-17 08:36:22.752814,http://localhost:5051/eth/v2/beacon/blocks/3164248,208.811,210.438
teku,2022-03-17 08:36:22.752817,http://localhost:5051/eth/v2/beacon/blocks/2416807,19.138,20.436
teku,2022-03-17 08:36:22.752820,http://localhost:5051/eth/v2/beacon/blocks/34925,3.055,3.837
teku,2022-03-17 08:36:22.752823,http://localhost:5051/eth/v2/beacon/blocks/3163123,190.233,191.378
teku,2022-03-17 08:36:22.752834,http://localhost:5051/eth/v2/beacon/blocks/683885,12.872,13.797
teku,2022-03-17 08:36:22.752838,http://localhost:5051/eth/v2/beacon/blocks/2417664,18.868,20.155
teku,2022-03-17 08:36:22.752856,http://localhost:5051/eth/v2/beacon/blocks/1397876,15.993,16.891
teku,2022-03-17 08:36:22.752859,http://localhost:5051/eth/v2/beacon/blocks/2367366,23.183,24.351
teku,2022-03-17 08:36:22.752862,http://localhost:5051/eth/v2/beacon/blocks/2119341,35.48,36.791
teku,2022-03-17 08:36:22.752880,http://localhost:5051/eth/v2/beacon/blocks/1864461,14.889,16.015
teku,2022-03-17 08:36:22.752886,http://localhost:5051/eth/v2/beacon/blocks/748725,161.257,162.251
teku,2022-03-17 08:36:22.752889,http://localhost:5051/eth/v2/beacon/blocks/2240648,25.553,26.682
teku,2022-03-17 08:36:22.752892,http://localhost:5051/eth/v2/beacon/blocks/3310870,522.969,524.148
teku,2022-03-17 08:36:22.752895,http://localhost:5051/eth/v2/beacon/blocks/2547285,14.314,15.627
teku,2022-03-17 08:36:22.752898,http://localhost:5051/eth/v2/beacon/blocks/301857,21.223,22.147
teku,2022-03-17 08:36:22.752901,http://localhost:5051/eth/v2/beacon/blocks/3329685,414.843,416.022
teku,2022-03-17 08:36:22.752904,http://localhost:5051/eth/v2/beacon/blocks/2236491,44.347,46.02
teku,2022-03-17 08:36:22.752907,http://localhost:5051/eth/v2/beacon/blocks/1955444,16.778,18.121
teku,2022-03-17 08:36:22.752910,http://localhost:5051/eth/v2/beacon/blocks/1783913,19.088,20.395
teku,2022-03-17 08:36:22.752913,http://localhost:5051/eth/v2/beacon/blocks/2676736,6.906,8.155
teku,2022-03-17 08:36:22.752916,http://localhost:5051/eth/v2/beacon/blocks/588395,4.917,5.997
teku,2022-03-17 08:36:22.752919,http://localhost:5051/eth/v2/beacon/blocks/1526512,18.797,19.72
teku,2022-03-17 08:36:22.752922,http://localhost:5051/eth/v2/beacon/blocks/2331059,21.431,23.008
teku,2022-03-17 08:36:22.752925,http://localhost:5051/eth/v2/beacon/blocks/2517735,25.736,27.02
teku,2022-03-17 08:36:22.752928,http://localhost:5051/eth/v2/beacon/blocks/1574213,79.44,80.447
teku,2022-03-17 08:36:22.752931,http://localhost:5051/eth/v2/beacon/blocks/2633253,19.303,20.927
teku,2022-03-17 08:36:22.752934,http://localhost:5051/eth/v2/beacon/blocks/2220834,66.761,68.79
teku,2022-03-17 08:36:22.752940,http://localhost:5051/eth/v2/beacon/blocks/531832,3.534,4.681
teku,2022-03-17 08:36:22.752943,http://localhost:5051/eth/v2/beacon/blocks/972626,22.478,23.336
teku,2022-03-17 08:36:22.752946,http://localhost:5051/eth/v2/beacon/blocks/1791782,37.14,38.383
teku,2022-03-17 08:36:22.752949,http://localhost:5051/eth/v2/beacon/blocks/1997486,18.147,19.765
teku,2022-03-17 08:36:22.752951,http://localhost:5051/eth/v2/beacon/blocks/1717160,27.24,28.378
teku,2022-03-17 08:36:22.752954,http://localhost:5051/eth/v2/beacon/blocks/1264835,4.626,5.675
teku,2022-03-17 08:36:22.752957,http://localhost:5051/eth/v2/beacon/blocks/2078216,14.952,15.98
teku,2022-03-17 08:36:22.752960,http://localhost:5051/eth/v2/beacon/blocks/1807961,33.367,34.754
teku,2022-03-17 08:36:22.752963,http://localhost:5051/eth/v2/beacon/blocks/2907403,23.178,25.163
teku,2022-03-17 08:36:22.752966,http://localhost:5051/eth/v2/beacon/blocks/1492456,16.386,17.493
teku,2022-03-17 08:36:22.752969,http://localhost:5051/eth/v2/beacon/blocks/1797021,24.548,25.634
teku,2022-03-17 08:36:22.752972,http://localhost:5051/eth/v2/beacon/blocks/1438391,15.855,16.836
teku,2022-03-17 08:36:22.752975,http://localhost:5051/eth/v2/beacon/blocks/914014,17.805,19.705
teku,2022-03-17 08:36:22.752980,http://localhost:5051/eth/v2/beacon/blocks/2587002,17.099,19.287
teku,2022-03-17 08:36:22.752983,http://localhost:5051/eth/v2/beacon/blocks/3338767,3.103,10.792
teku,2022-03-17 08:36:22.752986,http://localhost:5051/eth/v2/beacon/blocks/1731488,39.946,41.182
teku,2022-03-17 08:36:22.752989,http://localhost:5051/eth/v2/beacon/blocks/1469078,19.408,20.363
teku,2022-03-17 08:36:22.752992,http://localhost:5051/eth/v2/beacon/blocks/1884073,22.094,23.219
teku,2022-03-17 08:36:22.752998,http://localhost:5051/eth/v2/beacon/blocks/875875,15.966,16.919
teku,2022-03-17 08:36:22.753001,http://localhost:5051/eth/v2/beacon/blocks/1457126,19.877,20.845
teku,2022-03-17 08:36:22.753004,http://localhost:5051/eth/v2/beacon/blocks/3190080,168.746,170.114
teku,2022-03-17 08:36:22.753007,http://localhost:5051/eth/v2/beacon/blocks/536577,31.75,33.235
teku,2022-03-17 08:36:22.753010,http://localhost:5051/eth/v2/beacon/blocks/3107312,230.999,233.075
teku,2022-03-17 08:36:22.753013,http://localhost:5051/eth/v2/beacon/blocks/473839,24.776,26.017
teku,2022-03-17 08:36:22.753032,http://localhost:5051/eth/v2/beacon/blocks/2862866,24.217,25.343
teku,2022-03-17 08:36:22.753034,http://localhost:5051/eth/v2/beacon/blocks/2821390,77.272,78.438
teku,2022-03-17 08:36:22.753037,http://localhost:5051/eth/v2/beacon/blocks/816043,22.866,23.949
teku,2022-03-17 08:36:22.753040,http://localhost:5051/eth/v2/beacon/blocks/2967904,5.022,6.177
teku,2022-03-17 08:36:22.753043,http://localhost:5051/eth/v2/beacon/blocks/278114,10.136,10.893
teku,2022-03-17 08:36:22.753046,http://localhost:5051/eth/v2/beacon/blocks/2050960,31.59,32.667
teku,2022-03-17 08:36:22.753048,http://localhost:5051/eth/v2/beacon/blocks/1431362,17.542,18.457
teku,2022-03-17 08:36:22.753051,http://localhost:5051/eth/v2/beacon/blocks/42738,14.699,15.555
teku,2022-03-17 08:36:22.753054,http://localhost:5051/eth/v2/beacon/blocks/96604,17.987,18.929
teku,2022-03-17 08:36:22.753059,http://localhost:5051/eth/v2/beacon/blocks/3223773,232.651,234.067
teku,2022-03-17 08:36:22.753062,http://localhost:5051/eth/v2/beacon/blocks/2233438,46.566,48.034
teku,2022-03-17 08:36:22.753065,http://localhost:5051/eth/v2/beacon/blocks/3226878,341.347,342.849
teku,2022-03-17 08:36:22.753068,http://localhost:5051/eth/v2/beacon/blocks/609319,16.43,17.57
teku,2022-03-17 08:36:22.753070,http://localhost:5051/eth/v2/beacon/blocks/2349478,59.116,60.066
teku,2022-03-17 08:36:22.753073,http://localhost:5051/eth/v2/beacon/blocks/2355967,20.176,21.192
teku,2022-03-17 08:36:22.753076,http://localhost:5051/eth/v2/beacon/blocks/1510181,17.616,18.542
teku,2022-03-17 08:36:22.753079,http://localhost:5051/eth/v2/beacon/blocks/2576645,21.603,22.565
teku,2022-03-17 08:36:22.753082,http://localhost:5051/eth/v2/beacon/blocks/1225049,49.942,51.019
teku,2022-03-17 08:36:22.753084,http://localhost:5051/eth/v2/beacon/blocks/3218578,167.752,169.079
teku,2022-03-17 08:36:22.753087,http://localhost:5051/eth/v2/beacon/blocks/3145861,150.088,151.61
teku,2022-03-17 08:36:22.753090,http://localhost:5051/eth/v2/beacon/blocks/787800,29.429,30.63
teku,2022-03-17 08:36:22.753093,http://localhost:5051/eth/v2/beacon/blocks/3350329,1.332,2.124
teku,2022-03-17 08:36:22.753095,http://localhost:5051/eth/v2/beacon/blocks/1082383,26.268,27.233
teku,2022-03-17 08:36:22.753098,http://localhost:5051/eth/v2/beacon/blocks/824499,3.45,4.445
teku,2022-03-17 08:36:22.753101,http://localhost:5051/eth/v2/beacon/blocks/282820,23.393,24.348
teku,2022-03-17 08:36:22.753107,http://localhost:5051/eth/v2/beacon/blocks/3371229,1.026,1.796
teku,2022-03-17 08:36:22.753111,http://localhost:5051/eth/v2/beacon/blocks/1400921,18.236,19.164
teku,2022-03-17 08:36:22.753113,http://localhost:5051/eth/v2/beacon/blocks/411364,4.046,5.062
teku,2022-03-17 08:36:22.753116,http://localhost:5051/eth/v2/beacon/blocks/3139703,148.639,149.965
teku,2022-03-17 08:36:22.753119,http://localhost:5051/eth/v2/beacon/blocks/284471,22.099,23.096
teku,2022-03-17 08:36:22.753122,http://localhost:5051/eth/v2/beacon/blocks/266801,16.457,17.32
teku,2022-03-17 08:36:22.753124,http://localhost:5051/eth/v2/beacon/blocks/294568,19.223,20.1
teku,2022-03-17 08:36:22.753127,http://localhost:5051/eth/v2/beacon/blocks/1425236,88.898,89.927
teku,2022-03-17 08:36:22.753130,http://localhost:5051/eth/v2/beacon/blocks/2221265,26.749,28.407
teku,2022-03-17 08:36:22.753133,http://localhost:5051/eth/v2/beacon/blocks/90870,3.038,4.25
teku,2022-03-17 08:36:22.753136,http://localhost:5051/eth/v2/beacon/blocks/1557766,17.03,18.02
teku,2022-03-17 08:36:22.753138,http://localhost:5051/eth/v2/beacon/blocks/1396616,22.762,23.828
teku,2022-03-17 08:36:22.753141,http://localhost:5051/eth/v2/beacon/blocks/2498782,96.814,98.171
teku,2022-03-17 08:36:22.753144,http://localhost:5051/eth/v2/beacon/blocks/1976386,30.722,32.165
teku,2022-03-17 08:36:22.753149,http://localhost:5051/eth/v2/beacon/blocks/2170632,30.692,32.254
teku,2022-03-17 08:36:22.753152,http://localhost:5051/eth/v2/beacon/blocks/125086,17.565,18.531
teku,2022-03-17 08:36:22.753155,http://localhost:5051/eth/v2/beacon/blocks/166652,18.201,19.06
teku,2022-03-17 08:36:22.753158,http://localhost:5051/eth/v2/beacon/blocks/1030659,35.073,36.233
teku,2022-03-17 08:36:22.753178,http://localhost:5051/eth/v2/beacon/blocks/213158,144.058,145.212
teku,2022-03-17 08:36:22.753181,http://localhost:5051/eth/v2/beacon/blocks/1374354,20.422,21.649
teku,2022-03-17 08:36:22.753184,http://localhost:5051/eth/v2/beacon/blocks/2142371,8.499,9.905
teku,2022-03-17 08:36:22.753187,http://localhost:5051/eth/v2/beacon/blocks/2765301,22.748,24.272
teku,2022-03-17 08:36:22.753190,http://localhost:5051/eth/v2/beacon/blocks/2546546,33.851,34.978
teku,2022-03-17 08:36:22.753193,http://localhost:5051/eth/v2/beacon/blocks/1439257,4.622,5.796
teku,2022-03-17 08:36:22.753196,http://localhost:5051/eth/v2/beacon/blocks/2184017,22.232,23.572
teku,2022-03-17 08:36:22.753199,http://localhost:5051/eth/v2/beacon/blocks/2886111,31.875,34.776
teku,2022-03-17 08:36:22.753202,http://localhost:5051/eth/v2/beacon/blocks/2311402,18.923,20.089
teku,2022-03-17 08:36:22.753205,http://localhost:5051/eth/v2/beacon/blocks/2681086,27.406,28.917
teku,2022-03-17 08:36:22.753208,http://localhost:5051/eth/v2/beacon/blocks/1671420,15.707,16.803
teku,2022-03-17 08:36:22.753210,http://localhost:5051/eth/v2/beacon/blocks/3045919,5.97,7.291
teku,2022-03-17 08:36:22.753213,http://localhost:5051/eth/v2/beacon/blocks/153908,18.698,19.597
teku,2022-03-17 08:36:22.753216,http://localhost:5051/eth/v2/beacon/blocks/32901,24.749,25.758
teku,2022-03-17 08:36:22.753219,http://localhost:5051/eth/v2/beacon/blocks/3352122,1.922,3.426
teku,2022-03-17 08:36:22.753222,http://localhost:5051/eth/v2/beacon/blocks/2053839,45.993,47.652
teku,2022-03-17 08:36:22.753228,http://localhost:5051/eth/v2/beacon/blocks/2799451,22.781,23.894
teku,2022-03-17 08:36:22.753231,http://localhost:5051/eth/v2/beacon/blocks/997717,39.642,40.856
teku,2022-03-17 08:36:22.753236,http://localhost:5051/eth/v2/beacon/blocks/970026,27.976,29.994
teku,2022-03-17 08:36:22.753240,http://localhost:5051/eth/v2/beacon/blocks/1571249,28.57,30.07
teku,2022-03-17 08:36:22.753243,http://localhost:5051/eth/v2/beacon/blocks/542882,14.001,14.932
teku,2022-03-17 08:36:22.753245,http://localhost:5051/eth/v2/beacon/blocks/661427,32.483,33.828
teku,2022-03-17 08:36:22.753248,http://localhost:5051/eth/v2/beacon/blocks/2238576,7.232,8.927
teku,2022-03-17 08:36:22.753251,http://localhost:5051/eth/v2/beacon/blocks/856920,17.777,18.968
teku,2022-03-17 08:36:22.753269,http://localhost:5051/eth/v2/beacon/blocks/1720747,23.82,24.655
teku,2022-03-17 08:36:22.753272,http://localhost:5051/eth/v2/beacon/blocks/2038522,31.663,32.693
teku,2022-03-17 08:36:22.753275,http://localhost:5051/eth/v2/beacon/blocks/2137687,98.073,99.498
teku,2022-03-17 08:36:22.753279,http://localhost:5051/eth/v2/beacon/blocks/699672,18.373,19.564
teku,2022-03-17 08:36:22.753282,http://localhost:5051/eth/v2/beacon/blocks/2276437,25.134,26.492
teku,2022-03-17 08:36:22.753285,http://localhost:5051/eth/v2/beacon/blocks/2579985,20.174,21.867
teku,2022-03-17 08:36:22.753288,http://localhost:5051/eth/v2/beacon/blocks/2692002,7.069,8.68
teku,2022-03-17 08:36:22.753291,http://localhost:5051/eth/v2/beacon/blocks/2424241,23.427,24.938
teku,2022-03-17 08:36:22.753294,http://localhost:5051/eth/v2/beacon/blocks/410039,3.713,4.623
teku,2022-03-17 08:36:22.753297,http://localhost:5051/eth/v2/beacon/blocks/1720196,7.568,8.638
teku,2022-03-17 08:36:22.753300,http://localhost:5051/eth/v2/beacon/blocks/2347322,23.379,24.483
teku,2022-03-17 08:36:22.753303,http://localhost:5051/eth/v2/beacon/blocks/1483891,16.757,17.846
teku,2022-03-17 08:36:22.753306,http://localhost:5051/eth/v2/beacon/blocks/2686727,70.25,71.62
teku,2022-03-17 08:36:22.753309,http://localhost:5051/eth/v2/beacon/blocks/3350358,1.561,2.491
teku,2022-03-17 08:36:22.753312,http://localhost:5051/eth/v2/beacon/blocks/2343549,14.984,16.796
teku,2022-03-17 08:36:22.753315,http://localhost:5051/eth/v2/beacon/blocks/1135776,23.484,25.068
teku,2022-03-17 08:36:22.753318,http://localhost:5051/eth/v2/beacon/blocks/1697499,12.653,14.607
teku,2022-03-17 08:36:22.753321,http://localhost:5051/eth/v2/beacon/blocks/1812044,27.42,29.68
teku,2022-03-17 08:36:22.753324,http://localhost:5051/eth/v2/beacon/blocks/1712733,21.218,22.366
teku,2022-03-17 08:36:22.753327,http://localhost:5051/eth/v2/beacon/blocks/1419276,35.884,36.917
teku,2022-03-17 08:36:22.753330,http://localhost:5051/eth/v2/beacon/blocks/1849523,59.282,60.474
teku,2022-03-17 08:36:22.753333,http://localhost:5051/eth/v2/beacon/blocks/3214909,107.632,108.641
teku,2022-03-17 08:36:22.753336,http://localhost:5051/eth/v2/beacon/blocks/524301,12.57,13.466
teku,2022-03-17 08:36:22.753339,http://localhost:5051/eth/v2/beacon/blocks/931643,13.94,14.839
teku,2022-03-17 08:36:22.753343,http://localhost:5051/eth/v2/beacon/blocks/2723654,18.26,19.275
teku,2022-03-17 08:36:22.753346,http://localhost:5051/eth/v2/beacon/blocks/2382997,22.622,23.645
teku,2022-03-17 08:36:22.753349,http://localhost:5051/eth/v2/beacon/blocks/1158611,21.195,21.983
teku,2022-03-17 08:36:22.753352,http://localhost:5051/eth/v2/beacon/blocks/3338370,1.016,1.661
teku,2022-03-17 08:36:22.753355,http://localhost:5051/eth/v2/beacon/blocks/3360503,0.853,1.443
teku,2022-03-17 08:36:22.753358,http://localhost:5051/eth/v2/beacon/blocks/513798,17.467,18.416
teku,2022-03-17 08:36:22.753363,http://localhost:5051/eth/v2/beacon/blocks/1943808,55.589,56.663
teku,2022-03-17 08:36:22.753366,http://localhost:5051/eth/v2/beacon/blocks/2134630,133.903,135.253
teku,2022-03-17 08:36:22.753369,http://localhost:5051/eth/v2/beacon/blocks/1355804,54.899,55.96
teku,2022-03-17 08:36:22.753372,http://localhost:5051/eth/v2/beacon/blocks/3152464,202.764,204.182
teku,2022-03-17 08:36:22.753376,http://localhost:5051/eth/v2/beacon/blocks/2403440,44.267,45.418
teku,2022-03-17 08:36:22.753381,http://localhost:5051/eth/v2/beacon/blocks/1936004,25.801,26.873
teku,2022-03-17 08:36:22.753384,http://localhost:5051/eth/v2/beacon/blocks/2972777,15.084,16.212
teku,2022-03-17 08:36:22.753387,http://localhost:5051/eth/v2/beacon/blocks/1754524,6.908,8.033
teku,2022-03-17 08:36:22.753390,http://localhost:5051/eth/v2/beacon/blocks/92884,21.621,22.441
teku,2022-03-17 08:36:22.753393,http://localhost:5051/eth/v2/beacon/blocks/2394104,110.809,112.15
teku,2022-03-17 08:36:22.753396,http://localhost:5051/eth/v2/beacon/blocks/3025415,38.628,40.144
teku,2022-03-17 08:36:22.753399,http://localhost:5051/eth/v2/beacon/blocks/398663,23.933,24.866
teku,2022-03-17 08:36:22.753404,http://localhost:5051/eth/v2/beacon/blocks/2964096,5.797,6.915
teku,2022-03-17 08:36:22.753407,http://localhost:5051/eth/v2/beacon/blocks/676726,12.919,13.992
teku,2022-03-17 08:36:22.753410,http://localhost:5051/eth/v2/beacon/blocks/2635373,22.625,23.728
teku,2022-03-17 08:36:22.753413,http://localhost:5051/eth/v2/beacon/blocks/2406373,27.131,28.103
teku,2022-03-17 08:36:22.753417,http://localhost:5051/eth/v2/beacon/blocks/791982,14.675,15.424
teku,2022-03-17 08:36:22.753420,http://localhost:5051/eth/v2/beacon/blocks/2862195,56.672,57.982
teku,2022-03-17 08:36:22.753423,http://localhost:5051/eth/v2/beacon/blocks/1476015,63.197,64.51
teku,2022-03-17 08:36:22.753426,http://localhost:5051/eth/v2/beacon/blocks/239018,18.433,19.386
teku,2022-03-17 08:36:22.753429,http://localhost:5051/eth/v2/beacon/blocks/2199577,33.908,35.12
teku,2022-03-17 08:36:22.753432,http://localhost:5051/eth/v2/beacon/blocks/1312567,13.069,13.875
teku,2022-03-17 08:36:22.753435,http://localhost:5051/eth/v2/beacon/blocks/2103013,28.547,29.707
teku,2022-03-17 08:36:22.753441,http://localhost:5051/eth/v2/beacon/blocks/821167,14.292,15.127
teku,2022-03-17 08:36:22.753444,http://localhost:5051/eth/v2/beacon/blocks/1593386,19.262,20.266
teku,2022-03-17 08:36:22.753447,http://localhost:5051/eth/v2/beacon/blocks/2503056,5.947,7.174
teku,2022-03-17 08:36:22.753450,http://localhost:5051/eth/v2/beacon/blocks/3025168,73.911,75.632
teku,2022-03-17 08:36:22.753453,http://localhost:5051/eth/v2/beacon/blocks/3134907,139.015,140.458
teku,2022-03-17 08:36:22.753456,http://localhost:5051/eth/v2/beacon/blocks/604476,26.047,27.156
teku,2022-03-17 08:36:22.753459,http://localhost:5051/eth/v2/beacon/blocks/2271451,24.31,25.422
teku,2022-03-17 08:36:22.753462,http://localhost:5051/eth/v2/beacon/blocks/2180378,30.084,31.044
teku,2022-03-17 08:36:22.753465,http://localhost:5051/eth/v2/beacon/blocks/1296136,34.899,35.803
teku,2022-03-17 08:36:22.753468,http://localhost:5051/eth/v2/beacon/blocks/2597645,45.401,46.66
teku,2022-03-17 08:36:22.753471,http://localhost:5051/eth/v2/beacon/blocks/876140,25.88,26.953
teku,2022-03-17 08:36:22.753474,http://localhost:5051/eth/v2/beacon/blocks/900375,3.179,4.005
teku,2022-03-17 08:36:22.753478,http://localhost:5051/eth/v2/beacon/blocks/1564399,33.372,34.309
teku,2022-03-17 08:36:22.753483,http://localhost:5051/eth/v2/beacon/blocks/576059,12.712,13.885
teku,2022-03-17 08:36:22.753486,http://localhost:5051/eth/v2/beacon/blocks/1914630,14.485,15.738
teku,2022-03-17 08:36:22.753489,http://localhost:5051/eth/v2/beacon/blocks/1458469,16.721,17.887
teku,2022-03-17 08:36:22.753492,http://localhost:5051/eth/v2/beacon/blocks/2927259,12.205,13.307
teku,2022-03-17 08:36:22.753495,http://localhost:5051/eth/v2/beacon/blocks/2164254,54.278,55.682
teku,2022-03-17 08:36:22.753498,http://localhost:5051/eth/v2/beacon/blocks/1813982,13.539,14.874
teku,2022-03-17 08:36:22.753501,http://localhost:5051/eth/v2/beacon/blocks/1060488,22.655,24.208
teku,2022-03-17 08:36:22.753504,http://localhost:5051/eth/v2/beacon/blocks/2827931,19.139,20.551
teku,2022-03-17 08:36:22.753507,http://localhost:5051/eth/v2/beacon/blocks/1796374,26.935,28.108
teku,2022-03-17 08:36:22.753510,http://localhost:5051/eth/v2/beacon/blocks/1160146,21.045,22.062
teku,2022-03-17 08:36:22.753513,http://localhost:5051/eth/v2/beacon/blocks/1828086,19.354,20.338
teku,2022-03-17 08:36:22.753516,http://localhost:5051/eth/v2/beacon/blocks/2058481,24.979,26.214
teku,2022-03-17 08:36:22.753519,http://localhost:5051/eth/v2/beacon/blocks/1837332,11.595,12.617
teku,2022-03-17 08:36:22.753522,http://localhost:5051/eth/v2/beacon/blocks/2653257,15.237,16.277
teku,2022-03-17 08:36:22.753525,http://localhost:5051/eth/v2/beacon/blocks/588303,15.075,15.947
teku,2022-03-17 08:36:22.753529,http://localhost:5051/eth/v2/beacon/blocks/1417633,5.865,7.06
teku,2022-03-17 08:36:22.753532,http://localhost:5051/eth/v2/beacon/blocks/642200,20.549,21.453
teku,2022-03-17 08:36:22.753535,http://localhost:5051/eth/v2/beacon/blocks/1060057,19.384,20.592
teku,2022-03-17 08:36:22.753538,http://localhost:5051/eth/v2/beacon/blocks/522265,16.559,17.383
teku,2022-03-17 08:36:22.753541,http://localhost:5051/eth/v2/beacon/blocks/3032842,23.703,24.807
teku,2022-03-17 08:36:22.753544,http://localhost:5051/eth/v2/beacon/blocks/1225367,214.216,215.392
teku,2022-03-17 08:36:22.753547,http://localhost:5051/eth/v2/beacon/blocks/370732,15.412,16.508
teku,2022-03-17 08:36:22.753550,http://localhost:5051/eth/v2/beacon/blocks/2022856,24.94,26.136
teku,2022-03-17 08:36:22.753553,http://localhost:5051/eth/v2/beacon/blocks/2318673,26.5,27.784
teku,2022-03-17 08:36:22.753556,http://localhost:5051/eth/v2/beacon/blocks/2423440,19.872,21.086
teku,2022-03-17 08:36:22.753559,http://localhost:5051/eth/v2/beacon/blocks/296794,21.273,22.352
teku,2022-03-17 08:36:22.753565,http://localhost:5051/eth/v2/beacon/blocks/3219106,240.591,242.031
teku,2022-03-17 08:36:22.753584,http://localhost:5051/eth/v2/beacon/blocks/852680,58.672,59.809
teku,2022-03-17 08:36:22.753587,http://localhost:5051/eth/v2/beacon/blocks/1306362,33.66,34.813
teku,2022-03-17 08:36:22.753590,http://localhost:5051/eth/v2/beacon/blocks/2042565,34.122,35.299
teku,2022-03-17 08:36:22.753593,http://localhost:5051/eth/v2/beacon/blocks/253508,2.702,3.669
teku,2022-03-17 08:36:22.753596,http://localhost:5051/eth/v2/beacon/blocks/1833159,14.792,15.844
teku,2022-03-17 08:36:22.753601,http://localhost:5051/eth/v2/beacon/blocks/3090219,117.362,118.6
teku,2022-03-17 08:36:22.753604,http://localhost:5051/eth/v2/beacon/blocks/208841,20.156,21.053
teku,2022-03-17 08:36:22.753607,http://localhost:5051/eth/v2/beacon/blocks/3332146,1.118,1.765
teku,2022-03-17 08:36:22.753610,http://localhost:5051/eth/v2/beacon/blocks/1560600,17.846,18.721
teku,2022-03-17 08:36:22.753615,http://localhost:5051/eth/v2/beacon/blocks/3019130,101.88,102.952
teku,2022-03-17 08:36:22.753618,http://localhost:5051/eth/v2/beacon/blocks/116485,62.799,63.681
teku,2022-03-17 08:36:22.753621,http://localhost:5051/eth/v2/beacon/blocks/1303972,23.57,24.726
teku,2022-03-17 08:36:22.753624,http://localhost:5051/eth/v2/beacon/blocks/1938304,19.877,20.485
teku,2022-03-17 08:36:22.753627,http://localhost:5051/eth/v2/beacon/blocks/676481,33.597,34.547
teku,2022-03-17 08:36:22.753630,http://localhost:5051/eth/v2/beacon/blocks/853582,21.528,22.562
teku,2022-03-17 08:36:22.753633,http://localhost:5051/eth/v2/beacon/blocks/1346723,30.376,31.689
teku,2022-03-17 08:36:22.753636,http://localhost:5051/eth/v2/beacon/blocks/954325,15.67,16.759
teku,2022-03-17 08:36:22.753639,http://localhost:5051/eth/v2/beacon/blocks/548502,16.573,17.41
teku,2022-03-17 08:36:22.753642,http://localhost:5051/eth/v2/beacon/blocks/207015,3.143,3.872
teku,2022-03-17 08:36:22.753645,http://localhost:5051/eth/v2/beacon/blocks/1348146,28.122,28.92
teku,2022-03-17 08:36:22.753648,http://localhost:5051/eth/v2/beacon/blocks/1536098,24.092,25.074
teku,2022-03-17 08:36:22.753651,http://localhost:5051/eth/v2/beacon/blocks/2625536,7.252,8.445
teku,2022-03-17 08:36:22.753654,http://localhost:5051/eth/v2/beacon/blocks/3226,11.003,12.264
teku,2022-03-17 08:36:22.753657,http://localhost:5051/eth/v2/beacon/blocks/3330543,382.917,384.254
teku,2022-03-17 08:36:22.753660,http://localhost:5051/eth/v2/beacon/blocks/380448,12.723,13.677
teku,2022-03-17 08:36:22.753663,http://localhost:5051/eth/v2/beacon/blocks/445962,28.321,29.28
teku,2022-03-17 08:36:22.753665,http://localhost:5051/eth/v2/beacon/blocks/1755072,28.561,29.736
teku,2022-03-17 08:36:22.753668,http://localhost:5051/eth/v2/beacon/blocks/2283566,27.143,28.456
teku,2022-03-17 08:36:22.753671,http://localhost:5051/eth/v2/beacon/blocks/2841273,22.207,23.171
teku,2022-03-17 08:36:22.753674,http://localhost:5051/eth/v2/beacon/blocks/2555057,33.707,34.812
teku,2022-03-17 08:36:22.753677,http://localhost:5051/eth/v2/beacon/blocks/176484,22.49,23.298
teku,2022-03-17 08:36:22.753683,http://localhost:5051/eth/v2/beacon/blocks/2865556,39.658,40.727
teku,2022-03-17 08:36:22.753686,http://localhost:5051/eth/v2/beacon/blocks/1380120,20.56,21.553
teku,2022-03-17 08:36:22.753689,http://localhost:5051/eth/v2/beacon/blocks/238561,14.17,14.925
teku,2022-03-17 08:36:22.753692,http://localhost:5051/eth/v2/beacon/blocks/1129576,18.982,19.845
teku,2022-03-17 08:36:22.753695,http://localhost:5051/eth/v2/beacon/blocks/857014,20.2,21.09
teku,2022-03-17 08:36:22.753698,http://localhost:5051/eth/v2/beacon/blocks/1155199,14.751,15.783
teku,2022-03-17 08:36:22.753701,http://localhost:5051/eth/v2/beacon/blocks/1702689,20.272,21.412
teku,2022-03-17 08:36:22.753704,http://localhost:5051/eth/v2/beacon/blocks/1619902,20.152,21.181
teku,2022-03-17 08:36:22.753707,http://localhost:5051/eth/v2/beacon/blocks/201973,21.603,22.616
teku,2022-03-17 08:36:22.753710,http://localhost:5051/eth/v2/beacon/blocks/925758,21.941,22.979
teku,2022-03-17 08:36:22.753713,http://localhost:5051/eth/v2/beacon/blocks/2831377,25.575,26.663
teku,2022-03-17 08:36:22.753715,http://localhost:5051/eth/v2/beacon/blocks/2181548,12.392,13.565
teku,2022-03-17 08:36:22.753718,http://localhost:5051/eth/v2/beacon/blocks/760115,45.157,46.0
teku,2022-03-17 08:36:22.753721,http://localhost:5051/eth/v2/beacon/blocks/3259101,192.648,194.099
teku,2022-03-17 08:36:22.753724,http://localhost:5051/eth/v2/beacon/blocks/192491,44.596,45.69
teku,2022-03-17 08:36:22.753730,http://localhost:5051/eth/v2/beacon/blocks/2305358,27.138,28.72
teku,2022-03-17 08:36:22.753733,http://localhost:5051/eth/v2/beacon/blocks/3039260,25.839,27.804
teku,2022-03-17 08:36:22.753736,http://localhost:5051/eth/v2/beacon/blocks/2737199,54.144,55.329
teku,2022-03-17 08:36:22.753741,http://localhost:5051/eth/v2/beacon/blocks/286064,14.874,15.818
teku,2022-03-17 08:36:22.753744,http://localhost:5051/eth/v2/beacon/blocks/2259473,16.287,18.014
teku,2022-03-17 08:36:22.753763,http://localhost:5051/eth/v2/beacon/blocks/2073646,19.011,20.914
teku,2022-03-17 08:36:22.753766,http://localhost:5051/eth/v2/beacon/blocks/3346515,1.331,2.096
teku,2022-03-17 08:36:22.753769,http://localhost:5051/eth/v2/beacon/blocks/165479,3.351,4.195
teku,2022-03-17 08:36:22.753789,http://localhost:5051/eth/v2/beacon/blocks/297703,5.017,6.045
teku,2022-03-17 08:36:22.753792,http://localhost:5051/eth/v2/beacon/blocks/1158822,47.841,49.455
teku,2022-03-17 08:36:22.753795,http://localhost:5051/eth/v2/beacon/blocks/1748794,24.854,26.011
teku,2022-03-17 08:36:22.753798,http://localhost:5051/eth/v2/beacon/blocks/2862331,48.176,49.292
teku,2022-03-17 08:36:22.753818,http://localhost:5051/eth/v2/beacon/blocks/3360565,1.484,2.392
teku,2022-03-17 08:36:22.753821,http://localhost:5051/eth/v2/beacon/blocks/2765146,32.543,35.268
teku,2022-03-17 08:36:22.753824,http://localhost:5051/eth/v2/beacon/blocks/2323405,20.491,22.304
teku,2022-03-17 08:36:22.753827,http://localhost:5051/eth/v2/beacon/blocks/1942250,35.981,37.079
teku,2022-03-17 08:36:22.753830,http://localhost:5051/eth/v2/beacon/blocks/3167555,205.119,206.421
teku,2022-03-17 08:36:22.753833,http://localhost:5051/eth/v2/beacon/blocks/1997625,119.012,120.229
teku,2022-03-17 08:36:22.753836,http://localhost:5051/eth/v2/beacon/blocks/467685,24.607,25.898
teku,2022-03-17 08:36:22.753839,http://localhost:5051/eth/v2/beacon/blocks/2121582,24.776,26.052
teku,2022-03-17 08:36:22.753842,http://localhost:5051/eth/v2/beacon/blocks/727468,32.204,33.218
teku,2022-03-17 08:36:22.753845,http://localhost:5051/eth/v2/beacon/blocks/3381089,1.284,2.106
teku,2022-03-17 08:36:22.753852,http://localhost:5051/eth/v2/beacon/blocks/851634,19.792,20.631
teku,2022-03-17 08:36:22.753855,http://localhost:5051/eth/v2/beacon/blocks/503988,54.564,55.605
teku,2022-03-17 08:36:22.753858,http://localhost:5051/eth/v2/beacon/blocks/1206079,19.825,20.811
teku,2022-03-17 08:36:22.753861,http://localhost:5051/eth/v2/beacon/blocks/814083,28.941,29.96
teku,2022-03-17 08:36:22.753864,http://localhost:5051/eth/v2/beacon/blocks/2666407,140.102,141.345
teku,2022-03-17 08:36:22.753867,http://localhost:5051/eth/v2/beacon/blocks/3059825,16.045,17.597
teku,2022-03-17 08:36:22.753870,http://localhost:5051/eth/v2/beacon/blocks/2471656,206.963,208.683
teku,2022-03-17 08:36:22.753873,http://localhost:5051/eth/v2/beacon/blocks/531328,19.662,20.879
teku,2022-03-17 08:36:22.753876,http://localhost:5051/eth/v2/beacon/blocks/443285,17.127,18.256
teku,2022-03-17 08:36:22.753879,http://localhost:5051/eth/v2/beacon/blocks/1258171,34.507,35.457
teku,2022-03-17 08:36:22.753882,http://localhost:5051/eth/v2/beacon/blocks/129382,18.548,19.411
teku,2022-03-17 08:36:22.753885,http://localhost:5051/eth/v2/beacon/blocks/2093288,14.387,15.548
teku,2022-03-17 08:36:22.753888,http://localhost:5051/eth/v2/beacon/blocks/449402,56.684,57.646
teku,2022-03-17 08:36:22.753891,http://localhost:5051/eth/v2/beacon/blocks/2949091,27.733,29.035
teku,2022-03-17 08:36:22.753897,http://localhost:5051/eth/v2/beacon/blocks/3296739,255.311,256.669
teku,2022-03-17 08:36:22.753900,http://localhost:5051/eth/v2/beacon/blocks/438471,16.675,17.831
teku,2022-03-17 08:36:22.753903,http://localhost:5051/eth/v2/beacon/blocks/802435,41.643,42.698
teku,2022-03-17 08:36:22.753906,http://localhost:5051/eth/v2/beacon/blocks/809971,4.15,5.122
teku,2022-03-17 08:36:22.753912,http://localhost:5051/eth/v2/beacon/blocks/2615998,25.517,26.634
teku,2022-03-17 08:36:22.753915,http://localhost:5051/eth/v2/beacon/blocks/2709652,19.833,21.029
teku,2022-03-17 08:36:22.753918,http://localhost:5051/eth/v2/beacon/blocks/3119023,127.092,128.462
teku,2022-03-17 08:36:22.753921,http://localhost:5051/eth/v2/beacon/blocks/941236,27.893,29.246
teku,2022-03-17 08:36:22.753924,http://localhost:5051/eth/v2/beacon/blocks/1479406,30.379,31.379
teku,2022-03-17 08:36:22.753927,http://localhost:5051/eth/v2/beacon/blocks/1537159,12.814,13.825
teku,2022-03-17 08:36:22.753930,http://localhost:5051/eth/v2/beacon/blocks/3324805,249.871,251.315
teku,2022-03-17 08:36:22.753933,http://localhost:5051/eth/v2/beacon/blocks/2992413,6.036,7.221
teku,2022-03-17 08:36:22.753936,http://localhost:5051/eth/v2/beacon/blocks/367427,18.525,19.766
teku,2022-03-17 08:36:22.753940,http://localhost:5051/eth/v2/beacon/blocks/1930825,31.736,32.945
teku,2022-03-17 08:36:22.753943,http://localhost:5051/eth/v2/beacon/blocks/2153056,37.009,38.256
teku,2022-03-17 08:36:22.753946,http://localhost:5051/eth/v2/beacon/blocks/1641447,24.688,25.879
teku,2022-03-17 08:36:22.753949,http://localhost:5051/eth/v2/beacon/blocks/2144731,25.994,27.19
teku,2022-03-17 08:36:22.753954,http://localhost:5051/eth/v2/beacon/blocks/405126,22.825,23.752
teku,2022-03-17 08:36:22.753957,http://localhost:5051/eth/v2/beacon/blocks/1656306,18.007,19.296
teku,2022-03-17 08:36:22.753960,http://localhost:5051/eth/v2/beacon/blocks/780185,41.588,42.632
teku,2022-03-17 08:36:22.753963,http://localhost:5051/eth/v2/beacon/blocks/1398155,23.412,24.844
teku,2022-03-17 08:36:22.753967,http://localhost:5051/eth/v2/beacon/blocks/2717125,19.483,20.614
teku,2022-03-17 08:36:22.753970,http://localhost:5051/eth/v2/beacon/blocks/1947339,31.889,32.927
teku,2022-03-17 08:36:22.753973,http://localhost:5051/eth/v2/beacon/blocks/1880897,36.753,38.527
teku,2022-03-17 08:36:22.753976,http://localhost:5051/eth/v2/beacon/blocks/1672768,13.979,15.467
teku,2022-03-17 08:36:22.753979,http://localhost:5051/eth/v2/beacon/blocks/1391615,14.75,15.737
teku,2022-03-17 08:36:22.753982,http://localhost:5051/eth/v2/beacon/blocks/481032,18.742,19.987
teku,2022-03-17 08:36:22.753985,http://localhost:5051/eth/v2/beacon/blocks/3384149,1.565,2.421
teku,2022-03-17 08:36:22.753988,http://localhost:5051/eth/v2/beacon/blocks/1484225,25.074,26.593
teku,2022-03-17 08:36:22.753991,http://localhost:5051/eth/v2/beacon/blocks/582138,14.942,16.001
teku,2022-03-17 08:36:22.753994,http://localhost:5051/eth/v2/beacon/blocks/1624413,30.718,31.791
teku,2022-03-17 08:36:22.753997,http://localhost:5051/eth/v2/beacon/blocks/736487,14.83,15.772
teku,2022-03-17 08:36:22.754000,http://localhost:5051/eth/v2/beacon/blocks/2788145,20.941,22.102
teku,2022-03-17 08:36:22.754003,http://localhost:5051/eth/v2/beacon/blocks/1366399,24.23,25.205
teku,2022-03-17 08:36:22.754006,http://localhost:5051/eth/v2/beacon/blocks/1009021,20.15,21.215
teku,2022-03-17 08:36:22.754009,http://localhost:5051/eth/v2/beacon/blocks/1145613,41.075,42.098
teku,2022-03-17 08:36:22.754015,http://localhost:5051/eth/v2/beacon/blocks/1681712,33.652,34.905
teku,2022-03-17 08:36:22.754018,http://localhost:5051/eth/v2/beacon/blocks/3348816,1.453,2.358
teku,2022-03-17 08:36:22.754021,http://localhost:5051/eth/v2/beacon/blocks/3055534,19.964,21.197
teku,2022-03-17 08:36:22.754024,http://localhost:5051/eth/v2/beacon/blocks/2380114,72.948,74.098
teku,2022-03-17 08:36:22.754027,http://localhost:5051/eth/v2/beacon/blocks/592583,27.849,29.02
teku,2022-03-17 08:36:22.754030,http://localhost:5051/eth/v2/beacon/blocks/2899800,59.437,61.195
teku,2022-03-17 08:36:22.754033,http://localhost:5051/eth/v2/beacon/blocks/1594020,340.493,342.405
teku,2022-03-17 08:36:22.754036,http://localhost:5051/eth/v2/beacon/blocks/1629434,24.206,26.654
teku,2022-03-17 08:36:22.754039,http://localhost:5051/eth/v2/beacon/blocks/2224235,21.699,22.334
teku,2022-03-17 08:36:22.754042,http://localhost:5051/eth/v2/beacon/blocks/1468836,7.417,8.629
teku,2022-03-17 08:36:22.754045,http://localhost:5051/eth/v2/beacon/blocks/2772812,63.532,64.494
teku,2022-03-17 08:36:22.754048,http://localhost:5051/eth/v2/beacon/blocks/183649,17.4,18.324
teku,2022-03-17 08:36:22.754051,http://localhost:5051/eth/v2/beacon/blocks/1381901,20.972,21.685
teku,2022-03-17 08:36:22.754057,http://localhost:5051/eth/v2/beacon/blocks/2506756,5.598,6.65
teku,2022-03-17 08:36:22.754060,http://localhost:5051/eth/v2/beacon/blocks/685461,11.9,12.686
teku,2022-03-17 08:36:22.754063,http://localhost:5051/eth/v2/beacon/blocks/2736059,15.641,16.874
teku,2022-03-17 08:36:22.754066,http://localhost:5051/eth/v2/beacon/blocks/1047449,3.202,4.179
teku,2022-03-17 08:36:22.754069,http://localhost:5051/eth/v2/beacon/blocks/1073074,21.332,22.286
teku,2022-03-17 08:36:22.754072,http://localhost:5051/eth/v2/beacon/blocks/3345225,1.47,2.419
teku,2022-03-17 08:36:22.754075,http://localhost:5051/eth/v2/beacon/blocks/1154216,22.877,23.706
teku,2022-03-17 08:36:22.754078,http://localhost:5051/eth/v2/beacon/blocks/1250863,21.498,22.663
teku,2022-03-17 08:36:22.754081,http://localhost:5051/eth/v2/beacon/blocks/525835,12.523,13.391
teku,2022-03-17 08:36:22.754084,http://localhost:5051/eth/v2/beacon/blocks/2523001,20.224,21.69
teku,2022-03-17 08:36:22.754087,http://localhost:5051/eth/v2/beacon/blocks/2588538,45.786,47.469
teku,2022-03-17 08:36:22.754090,http://localhost:5051/eth/v2/beacon/blocks/745975,26.411,27.515
teku,2022-03-17 08:36:22.754109,http://localhost:5051/eth/v2/beacon/blocks/1146165,4.931,5.892
teku,2022-03-17 08:36:22.754112,http://localhost:5051/eth/v2/beacon/blocks/2968866,24.438,25.369
teku,2022-03-17 08:36:22.754115,http://localhost:5051/eth/v2/beacon/blocks/920399,32.869,33.899
teku,2022-03-17 08:36:22.754118,http://localhost:5051/eth/v2/beacon/blocks/1438827,16.52,17.601
teku,2022-03-17 08:36:22.754121,http://localhost:5051/eth/v2/beacon/blocks/456488,14.566,15.424
teku,2022-03-17 08:36:22.754124,http://localhost:5051/eth/v2/beacon/blocks/2592213,19.003,20.004
teku,2022-03-17 08:36:22.754130,http://localhost:5051/eth/v2/beacon/blocks/2056937,22.332,23.833
teku,2022-03-17 08:36:22.754133,http://localhost:5051/eth/v2/beacon/blocks/648562,27.797,29.086
teku,2022-03-17 08:36:22.754136,http://localhost:5051/eth/v2/beacon/blocks/2611064,19.463,20.552
teku,2022-03-17 08:36:22.754139,http://localhost:5051/eth/v2/beacon/blocks/1825902,21.487,22.638
teku,2022-03-17 08:36:22.754142,http://localhost:5051/eth/v2/beacon/blocks/2322673,23.218,24.423
teku,2022-03-17 08:36:22.754147,http://localhost:5051/eth/v2/beacon/blocks/1541746,20.457,21.455
teku,2022-03-17 08:36:22.754150,http://localhost:5051/eth/v2/beacon/blocks/2048558,22.942,23.886
teku,2022-03-17 08:36:22.754153,http://localhost:5051/eth/v2/beacon/blocks/1253128,38.522,39.605
teku,2022-03-17 08:36:22.754156,http://localhost:5051/eth/v2/beacon/blocks/104967,25.408,26.748
teku,2022-03-17 08:36:22.754159,http://localhost:5051/eth/v2/beacon/blocks/2448791,15.144,16.274
teku,2022-03-17 08:36:22.754162,http://localhost:5051/eth/v2/beacon/blocks/786133,41.186,42.086
teku,2022-03-17 08:36:22.754165,http://localhost:5051/eth/v2/beacon/blocks/1505843,19.109,20.21
teku,2022-03-17 08:36:22.754168,http://localhost:5051/eth/v2/beacon/blocks/1739386,17.201,18.396
teku,2022-03-17 08:36:22.754171,http://localhost:5051/eth/v2/beacon/blocks/1063441,21.822,23.711
teku,2022-03-17 08:36:22.754174,http://localhost:5051/eth/v2/beacon/blocks/1699469,30.536,33.296
teku,2022-03-17 08:36:22.754177,http://localhost:5051/eth/v2/beacon/blocks/2614933,36.263,37.921
teku,2022-03-17 08:36:22.754180,http://localhost:5051/eth/v2/beacon/blocks/2948658,21.065,24.172
teku,2022-03-17 08:36:22.754182,http://localhost:5051/eth/v2/beacon/blocks/2836914,16.978,21.215
teku,2022-03-17 08:36:22.754185,http://localhost:5051/eth/v2/beacon/blocks/2394834,27.318,31.503
teku,2022-03-17 08:36:22.754188,http://localhost:5051/eth/v2/beacon/blocks/2172254,22.749,24.2
teku,2022-03-17 08:36:22.754191,http://localhost:5051/eth/v2/beacon/blocks/687638,25.762,26.869
teku,2022-03-17 08:36:22.754194,http://localhost:5051/eth/v2/beacon/blocks/1255713,67.784,69.029
teku,2022-03-17 08:36:22.754197,http://localhost:5051/eth/v2/beacon/blocks/2920609,23.004,24.092
teku,2022-03-17 08:36:22.754200,http://localhost:5051/eth/v2/beacon/blocks/2064338,45.81,46.816
teku,2022-03-17 08:36:22.754203,http://localhost:5051/eth/v2/beacon/blocks/1648296,18.619,20.311
teku,2022-03-17 08:36:22.754206,http://localhost:5051/eth/v2/beacon/blocks/1949862,30.489,32.721
teku,2022-03-17 08:36:22.754209,http://localhost:5051/eth/v2/beacon/blocks/2455138,17.353,18.641
teku,2022-03-17 08:36:22.754212,http://localhost:5051/eth/v2/beacon/blocks/1816251,24.415,25.837
teku,2022-03-17 08:36:22.754215,http://localhost:5051/eth/v2/beacon/blocks/130872,2.727,3.73
teku,2022-03-17 08:36:22.754218,http://localhost:5051/eth/v2/beacon/blocks/337885,30.46,31.584
teku,2022-03-17 08:36:22.754221,http://localhost:5051/eth/v2/beacon/blocks/2131539,24.673,25.743
teku,2022-03-17 08:36:22.754224,http://localhost:5051/eth/v2/beacon/blocks/2812753,28.236,30.717
teku,2022-03-17 08:36:22.754227,http://localhost:5051/eth/v2/beacon/blocks/2871669,17.808,19.067
teku,2022-03-17 08:36:22.754230,http://localhost:5051/eth/v2/beacon/blocks/410312,3.327,4.172
teku,2022-03-17 08:36:22.754232,http://localhost:5051/eth/v2/beacon/blocks/2478078,16.488,17.524
teku,2022-03-17 08:36:22.754235,http://localhost:5051/eth/v2/beacon/blocks/3007768,25.005,26.151
teku,2022-03-17 08:36:22.754238,http://localhost:5051/eth/v2/beacon/blocks/1575107,20.391,21.686
teku,2022-03-17 08:36:22.754241,http://localhost:5051/eth/v2/beacon/blocks/485207,20.582,21.456
teku,2022-03-17 08:36:22.754244,http://localhost:5051/eth/v2/beacon/blocks/1020736,20.887,21.937
teku,2022-03-17 08:36:22.754247,http://localhost:5051/eth/v2/beacon/blocks/1874786,6.052,7.282
teku,2022-03-17 08:36:22.754265,http://localhost:5051/eth/v2/beacon/blocks/1414257,22.857,23.888
teku,2022-03-17 08:36:22.754270,http://localhost:5051/eth/v2/beacon/blocks/262260,4.845,6.421
teku,2022-03-17 08:36:22.754273,http://localhost:5051/eth/v2/beacon/blocks/1456542,15.843,17.392
teku,2022-03-17 08:36:22.754276,http://localhost:5051/eth/v2/beacon/blocks/3055831,29.249,30.985
teku,2022-03-17 08:36:22.754279,http://localhost:5051/eth/v2/beacon/blocks/2841031,15.535,16.796
teku,2022-03-17 08:36:22.754284,http://localhost:5051/eth/v2/beacon/blocks/1585200,19.525,20.64
teku,2022-03-17 08:36:22.754287,http://localhost:5051/eth/v2/beacon/blocks/2543128,30.557,32.448
teku,2022-03-17 08:36:22.754290,http://localhost:5051/eth/v2/beacon/blocks/390551,21.032,22.061
teku,2022-03-17 08:36:22.754292,http://localhost:5051/eth/v2/beacon/blocks/1481791,27.511,29.023
teku,2022-03-17 08:36:22.754295,http://localhost:5051/eth/v2/beacon/blocks/3205045,172.195,173.761
teku,2022-03-17 08:36:22.754317,http://localhost:5051/eth/v2/beacon/blocks/1683721,29.188,30.37
teku,2022-03-17 08:36:22.754320,http://localhost:5051/eth/v2/beacon/blocks/1205790,35.458,36.543
teku,2022-03-17 08:36:22.754323,http://localhost:5051/eth/v2/beacon/blocks/2624542,55.024,56.455
teku,2022-03-17 08:36:22.754326,http://localhost:5051/eth/v2/beacon/blocks/902863,45.976,47.181
teku,2022-03-17 08:36:22.754329,http://localhost:5051/eth/v2/beacon/blocks/335125,3.426,4.327
teku,2022-03-17 08:36:22.754331,http://localhost:5051/eth/v2/beacon/blocks/1194828,22.611,23.446
teku,2022-03-17 08:36:22.754334,http://localhost:5051/eth/v2/beacon/blocks/3386911,1.046,1.722
teku,2022-03-17 08:36:22.754337,http://localhost:5051/eth/v2/beacon/blocks/621018,2.553,3.359
teku,2022-03-17 08:36:22.754340,http://localhost:5051/eth/v2/beacon/blocks/938047,15.95,17.0
teku,2022-03-17 08:36:22.754343,http://localhost:5051/eth/v2/beacon/blocks/2609520,12.438,13.597
teku,2022-03-17 08:36:22.754346,http://localhost:5051/eth/v2/beacon/blocks/1827456,21.176,22.079
teku,2022-03-17 08:36:22.754349,http://localhost:5051/eth/v2/beacon/blocks/1912867,21.096,22.33
teku,2022-03-17 08:36:22.754352,http://localhost:5051/eth/v2/beacon/blocks/526541,15.294,16.31
teku,2022-03-17 08:36:22.754358,http://localhost:5051/eth/v2/beacon/blocks/104537,2.625,3.445
teku,2022-03-17 08:36:22.754361,http://localhost:5051/eth/v2/beacon/blocks/3068683,44.239,45.486
teku,2022-03-17 08:36:22.754364,http://localhost:5051/eth/v2/beacon/blocks/2213458,18.744,20.055
teku,2022-03-17 08:36:22.754367,http://localhost:5051/eth/v2/beacon/blocks/3086919,146.099,147.6
teku,2022-03-17 08:36:22.754370,http://localhost:5051/eth/v2/beacon/blocks/1975611,33.166,34.315
teku,2022-03-17 08:36:22.754373,http://localhost:5051/eth/v2/beacon/blocks/2491705,24.158,25.355
teku,2022-03-17 08:36:22.754376,http://localhost:5051/eth/v2/beacon/blocks/587681,25.547,26.353
teku,2022-03-17 08:36:22.754379,http://localhost:5051/eth/v2/beacon/blocks/2913340,66.942,68.029
teku,2022-03-17 08:36:22.754382,http://localhost:5051/eth/v2/beacon/blocks/66914,17.104,17.977
teku,2022-03-17 08:36:22.754385,http://localhost:5051/eth/v2/beacon/blocks/1386537,13.494,14.346
teku,2022-03-17 08:36:22.754388,http://localhost:5051/eth/v2/beacon/blocks/1152205,15.895,16.804
teku,2022-03-17 08:36:22.754391,http://localhost:5051/eth/v2/beacon/blocks/1091840,24.604,25.417
teku,2022-03-17 08:36:22.754394,http://localhost:5051/eth/v2/beacon/blocks/2110010,14.936,16.068
teku,2022-03-17 08:36:22.754397,http://localhost:5051/eth/v2/beacon/blocks/838758,17.578,18.544
teku,2022-03-17 08:36:22.754402,http://localhost:5051/eth/v2/beacon/blocks/784269,17.613,18.508
teku,2022-03-17 08:36:22.754405,http://localhost:5051/eth/v2/beacon/blocks/1188187,32.435,33.283
teku,2022-03-17 08:36:22.754408,http://localhost:5051/eth/v2/beacon/blocks/809154,4.725,5.649
teku,2022-03-17 08:36:22.754411,http://localhost:5051/eth/v2/beacon/blocks/272727,2.326,3.113
teku,2022-03-17 08:36:22.754414,http://localhost:5051/eth/v2/beacon/blocks/1289356,35.492,36.598
teku,2022-03-17 08:36:22.754417,http://localhost:5051/eth/v2/beacon/blocks/2806205,15.551,16.99
teku,2022-03-17 08:36:22.754420,http://localhost:5051/eth/v2/beacon/blocks/953178,20.227,21.294
teku,2022-03-17 08:36:22.754423,http://localhost:5051/eth/v2/beacon/blocks/749591,14.3,15.448
teku,2022-03-17 08:36:22.754426,http://localhost:5051/eth/v2/beacon/blocks/2770323,18.608,19.852
teku,2022-03-17 08:36:22.754429,http://localhost:5051/eth/v2/beacon/blocks/2380574,24.134,25.225
teku,2022-03-17 08:36:22.754432,http://localhost:5051/eth/v2/beacon/blocks/887618,26.808,27.855
teku,2022-03-17 08:36:22.754435,http://localhost:5051/eth/v2/beacon/blocks/2862683,21.309,22.563
teku,2022-03-17 08:36:22.754438,http://localhost:5051/eth/v2/beacon/blocks/1743765,10.06,10.817
teku,2022-03-17 08:36:22.754441,http://localhost:5051/eth/v2/beacon/blocks/2001515,16.217,17.351
teku,2022-03-17 08:36:22.754443,http://localhost:5051/eth/v2/beacon/blocks/2001257,29.155,29.982
teku,2022-03-17 08:36:22.754446,http://localhost:5051/eth/v2/beacon/blocks/2904802,21.961,23.049
teku,2022-03-17 08:36:22.754449,http://localhost:5051/eth/v2/beacon/blocks/829984,17.271,18.069
teku,2022-03-17 08:36:22.754452,http://localhost:5051/eth/v2/beacon/blocks/3235221,202.667,203.991
teku,2022-03-17 08:36:22.754455,http://localhost:5051/eth/v2/beacon/blocks/1111497,25.265,26.378
teku,2022-03-17 08:36:22.754458,http://localhost:5051/eth/v2/beacon/blocks/1259645,14.519,15.456
teku,2022-03-17 08:36:22.754461,http://localhost:5051/eth/v2/beacon/blocks/2282606,16.606,17.697
teku,2022-03-17 08:36:22.754464,http://localhost:5051/eth/v2/beacon/blocks/1784271,36.446,37.856
teku,2022-03-17 08:36:22.754467,http://localhost:5051/eth/v2/beacon/blocks/1006262,20.861,22.05
teku,2022-03-17 08:36:22.754473,http://localhost:5051/eth/v2/beacon/blocks/890619,11.535,12.511
teku,2022-03-17 08:36:22.754476,http://localhost:5051/eth/v2/beacon/blocks/803814,25.128,26.135
teku,2022-03-17 08:36:22.754479,http://localhost:5051/eth/v2/beacon/blocks/2663676,20.896,22.25
teku,2022-03-17 08:36:22.754482,http://localhost:5051/eth/v2/beacon/blocks/785813,27.771,28.811
teku,2022-03-17 08:36:22.754485,http://localhost:5051/eth/v2/beacon/blocks/172578,12.035,12.957
teku,2022-03-17 08:36:22.754487,http://localhost:5051/eth/v2/beacon/blocks/1747096,109.243,110.549
teku,2022-03-17 08:36:22.754490,http://localhost:5051/eth/v2/beacon/blocks/3208138,133.887,135.272
teku,2022-03-17 08:36:22.754493,http://localhost:5051/eth/v2/beacon/blocks/6380,31.94,33.182
teku,2022-03-17 08:36:22.754499,http://localhost:5051/eth/v2/beacon/blocks/78092,25.091,25.972
teku,2022-03-17 08:36:22.754502,http://localhost:5051/eth/v2/beacon/blocks/2854669,26.475,27.847
teku,2022-03-17 08:36:22.754505,http://localhost:5051/eth/v2/beacon/blocks/1631210,20.76,22.211
teku,2022-03-17 08:36:22.754508,http://localhost:5051/eth/v2/beacon/blocks/1666492,3.818,4.815
teku,2022-03-17 08:36:22.754511,http://localhost:5051/eth/v2/beacon/blocks/3137618,144.335,145.597
teku,2022-03-17 08:36:22.754514,http://localhost:5051/eth/v2/beacon/blocks/1442028,21.483,22.657
teku,2022-03-17 08:36:22.754520,http://localhost:5051/eth/v2/beacon/blocks/2369082,76.514,77.974
teku,2022-03-17 08:36:22.754523,http://localhost:5051/eth/v2/beacon/blocks/1107181,54.826,56.096
teku,2022-03-17 08:36:22.754526,http://localhost:5051/eth/v2/beacon/blocks/378742,3.505,4.447
teku,2022-03-17 08:36:22.754529,http://localhost:5051/eth/v2/beacon/blocks/2290154,18.074,19.236
teku,2022-03-17 08:36:22.754532,http://localhost:5051/eth/v2/beacon/blocks/2712002,53.761,54.98
teku,2022-03-17 08:36:22.754535,http://localhost:5051/eth/v2/beacon/blocks/810653,29.865,30.89
teku,2022-03-17 08:36:22.754538,http://localhost:5051/eth/v2/beacon/blocks/1186206,11.11,11.944
teku,2022-03-17 08:36:22.754541,http://localhost:5051/eth/v2/beacon/blocks/1229189,27.668,28.613
teku,2022-03-17 08:36:22.754544,http://localhost:5051/eth/v2/beacon/blocks/3322078,290.026,291.321
teku,2022-03-17 08:36:22.754547,http://localhost:5051/eth/v2/beacon/blocks/2451477,21.894,23.26
teku,2022-03-17 08:36:22.754550,http://localhost:5051/eth/v2/beacon/blocks/2030227,29.64,30.678
teku,2022-03-17 08:36:22.754553,http://localhost:5051/eth/v2/beacon/blocks/1786203,20.036,21.259
teku,2022-03-17 08:36:22.754556,http://localhost:5051/eth/v2/beacon/blocks/697143,96.976,98.008
teku,2022-03-17 08:36:22.754558,http://localhost:5051/eth/v2/beacon/blocks/1273506,4.494,5.639
teku,2022-03-17 08:36:22.754561,http://localhost:5051/eth/v2/beacon/blocks/999088,24.995,25.804
teku,2022-03-17 08:36:22.754564,http://localhost:5051/eth/v2/beacon/blocks/2551313,23.151,24.178
teku,2022-03-17 08:36:22.754567,http://localhost:5051/eth/v2/beacon/blocks/856141,12.796,13.759
teku,2022-03-17 08:36:22.754570,http://localhost:5051/eth/v2/beacon/blocks/1336609,14.755,15.943
teku,2022-03-17 08:36:22.754573,http://localhost:5051/eth/v2/beacon/blocks/813017,20.816,22.071
teku,2022-03-17 08:36:22.754576,http://localhost:5051/eth/v2/beacon/blocks/1254056,41.522,42.493
teku,2022-03-17 08:36:22.754579,http://localhost:5051/eth/v2/beacon/blocks/119835,13.611,14.447
teku,2022-03-17 08:36:22.754582,http://localhost:5051/eth/v2/beacon/blocks/1124151,13.487,14.491
teku,2022-03-17 08:36:22.754585,http://localhost:5051/eth/v2/beacon/blocks/1294791,31.328,32.296
teku,2022-03-17 08:36:22.754588,http://localhost:5051/eth/v2/beacon/blocks/2052713,20.017,21.006
teku,2022-03-17 08:36:22.754591,http://localhost:5051/eth/v2/beacon/blocks/1982138,19.457,20.697
teku,2022-03-17 08:36:22.754594,http://localhost:5051/eth/v2/beacon/blocks/436265,24.866,25.612
teku,2022-03-17 08:36:22.754597,http://localhost:5051/eth/v2/beacon/blocks/1717794,21.737,22.76
teku,2022-03-17 08:36:22.754600,http://localhost:5051/eth/v2/beacon/blocks/452240,57.161,57.997
teku,2022-03-17 08:36:22.754603,http://localhost:5051/eth/v2/beacon/blocks/684974,10.199,11.071
teku,2022-03-17 08:36:22.754606,http://localhost:5051/eth/v2/beacon/blocks/2860927,20.259,21.387
teku,2022-03-17 08:36:22.754608,http://localhost:5051/eth/v2/beacon/blocks/2902290,32.29,33.392
teku,2022-03-17 08:36:22.754611,http://localhost:5051/eth/v2/beacon/blocks/3123135,142.475,143.962
teku,2022-03-17 08:36:22.754614,http://localhost:5051/eth/v2/beacon/blocks/1025502,11.416,12.486
teku,2022-03-17 08:36:22.754617,http://localhost:5051/eth/v2/beacon/blocks/1820135,33.811,34.695
teku,2022-03-17 08:36:22.754620,http://localhost:5051/eth/v2/beacon/blocks/1053858,25.068,26.068
teku,2022-03-17 08:36:22.754623,http://localhost:5051/eth/v2/beacon/blocks/1788598,26.615,27.697
teku,2022-03-17 08:36:22.754646,http://localhost:5051/eth/v2/beacon/blocks/2668728,19.979,21.233
teku,2022-03-17 08:36:22.754649,http://localhost:5051/eth/v2/beacon/blocks/2949098,20.056,21.051
teku,2022-03-17 08:36:22.754652,http://localhost:5051/eth/v2/beacon/blocks/129203,21.309,22.274
teku,2022-03-17 08:36:22.754654,http://localhost:5051/eth/v2/beacon/blocks/848739,27.018,28.03
teku,2022-03-17 08:36:22.754657,http://localhost:5051/eth/v2/beacon/blocks/2757531,24.716,25.859
teku,2022-03-17 08:36:22.754660,http://localhost:5051/eth/v2/beacon/blocks/25533,2.824,3.614
teku,2022-03-17 08:36:22.754663,http://localhost:5051/eth/v2/beacon/blocks/2579958,28.819,30.016
teku,2022-03-17 08:36:22.754665,http://localhost:5051/eth/v2/beacon/blocks/3272834,124.903,126.173
teku,2022-03-17 08:36:22.754668,http://localhost:5051/eth/v2/beacon/blocks/1057802,269.714,270.891
teku,2022-03-17 08:36:22.754671,http://localhost:5051/eth/v2/beacon/blocks/446584,23.184,24.412
teku,2022-03-17 08:36:22.754674,http://localhost:5051/eth/v2/beacon/blocks/3389117,1.39,2.136
teku,2022-03-17 08:36:22.754677,http://localhost:5051/eth/v2/beacon/blocks/249392,18.258,19.078
teku,2022-03-17 08:36:22.754679,http://localhost:5051/eth/v2/beacon/blocks/1867991,31.749,32.931
teku,2022-03-17 08:36:22.754682,http://localhost:5051/eth/v2/beacon/blocks/809030,23.055,23.885
teku,2022-03-17 08:36:22.754685,http://localhost:5051/eth/v2/beacon/blocks/1207179,11.413,12.432
teku,2022-03-17 08:36:22.754688,http://localhost:5051/eth/v2/beacon/blocks/1380232,19.986,20.939
teku,2022-03-17 08:36:22.754690,http://localhost:5051/eth/v2/beacon/blocks/62432,16.394,17.293
teku,2022-03-17 08:36:22.754693,http://localhost:5051/eth/v2/beacon/blocks/516834,31.159,32.294
teku,2022-03-17 08:36:22.754696,http://localhost:5051/eth/v2/beacon/blocks/2696812,147.365,148.744
teku,2022-03-17 08:36:22.754699,http://localhost:5051/eth/v2/beacon/blocks/1979839,39.017,40.327
teku,2022-03-17 08:36:22.754701,http://localhost:5051/eth/v2/beacon/blocks/1010428,28.112,29.152
teku,2022-03-17 08:36:22.754707,http://localhost:5051/eth/v2/beacon/blocks/2212214,14.906,16.02
teku,2022-03-17 08:36:22.754710,http://localhost:5051/eth/v2/beacon/blocks/186297,13.494,14.371
teku,2022-03-17 08:36:22.754712,http://localhost:5051/eth/v2/beacon/blocks/2629335,30.915,32.062
teku,2022-03-17 08:36:22.754715,http://localhost:5051/eth/v2/beacon/blocks/1556807,91.635,92.751
teku,2022-03-17 08:36:22.754718,http://localhost:5051/eth/v2/beacon/blocks/12510,188.669,189.734
teku,2022-03-17 08:36:22.754721,http://localhost:5051/eth/v2/beacon/blocks/469724,34.02,35.215
teku,2022-03-17 08:36:22.754740,http://localhost:5051/eth/v2/beacon/blocks/3110497,163.822,165.265
teku,2022-03-17 08:36:22.754743,http://localhost:5051/eth/v2/beacon/blocks/668367,24.172,25.461
teku,2022-03-17 08:36:22.754746,http://localhost:5051/eth/v2/beacon/blocks/312784,25.631,26.515
teku,2022-03-17 08:36:22.754766,http://localhost:5051/eth/v2/beacon/blocks/355408,34.007,35.071
teku,2022-03-17 08:36:22.754769,http://localhost:5051/eth/v2/beacon/blocks/3180967,163.059,164.36
teku,2022-03-17 08:36:22.754772,http://localhost:5051/eth/v2/beacon/blocks/1088421,26.781,27.941
teku,2022-03-17 08:36:22.754775,http://localhost:5051/eth/v2/beacon/blocks/2786556,16.543,17.787
teku,2022-03-17 08:36:22.754778,http://localhost:5051/eth/v2/beacon/blocks/2337810,33.992,35.371
teku,2022-03-17 08:36:22.754781,http://localhost:5051/eth/v2/beacon/blocks/3031813,20.499,21.717
teku,2022-03-17 08:36:22.754786,http://localhost:5051/eth/v2/beacon/blocks/213651,16.207,16.956
teku,2022-03-17 08:36:22.754790,http://localhost:5051/eth/v2/beacon/blocks/3068991,44.477,45.546
teku,2022-03-17 08:36:22.754793,http://localhost:5051/eth/v2/beacon/blocks/361051,18.759,19.521
teku,2022-03-17 08:36:22.754799,http://localhost:5051/eth/v2/beacon/blocks/1387235,3.543,4.348
teku,2022-03-17 08:36:22.754802,http://localhost:5051/eth/v2/beacon/blocks/2104851,349.173,350.254
teku,2022-03-17 08:36:22.754805,http://localhost:5051/eth/v2/beacon/blocks/706747,18.457,19.469
teku,2022-03-17 08:36:22.754808,http://localhost:5051/eth/v2/beacon/blocks/2077815,28.466,29.863
teku,2022-03-17 08:36:22.754811,http://localhost:5051/eth/v2/beacon/blocks/441127,15.457,16.326
teku,2022-03-17 08:36:22.754830,http://localhost:5051/eth/v2/beacon/blocks/282505,15.449,16.199
teku,2022-03-17 08:36:22.754833,http://localhost:5051/eth/v2/beacon/blocks/2132917,25.45,26.514
teku,2022-03-17 08:36:22.754836,http://localhost:5051/eth/v2/beacon/blocks/141860,20.926,21.902
teku,2022-03-17 08:36:22.754840,http://localhost:5051/eth/v2/beacon/blocks/3189634,193.475,194.985
teku,2022-03-17 08:36:22.754843,http://localhost:5051/eth/v2/beacon/blocks/1439056,29.541,30.73
teku,2022-03-17 08:36:22.754846,http://localhost:5051/eth/v2/beacon/blocks/2593528,73.247,75.227
teku,2022-03-17 08:36:22.754852,http://localhost:5051/eth/v2/beacon/blocks/3016100,32.728,34.167
teku,2022-03-17 08:36:22.754855,http://localhost:5051/eth/v2/beacon/blocks/795446,17.42,18.41
teku,2022-03-17 08:36:22.754858,http://localhost:5051/eth/v2/beacon/blocks/2709614,16.893,18.011
teku,2022-03-17 08:36:22.754861,http://localhost:5051/eth/v2/beacon/blocks/1059831,3.135,3.913
teku,2022-03-17 08:36:22.754864,http://localhost:5051/eth/v2/beacon/blocks/1682690,43.119,44.202
teku,2022-03-17 08:36:22.754867,http://localhost:5051/eth/v2/beacon/blocks/288103,8.083,9.066
teku,2022-03-17 08:36:22.754871,http://localhost:5051/eth/v2/beacon/blocks/1830436,28.901,30.179
teku,2022-03-17 08:36:22.754874,http://localhost:5051/eth/v2/beacon/blocks/1516259,28.049,29.008
teku,2022-03-17 08:36:22.754877,http://localhost:5051/eth/v2/beacon/blocks/1981449,60.251,61.467
teku,2022-03-17 08:36:22.754880,http://localhost:5051/eth/v2/beacon/blocks/2600695,16.338,17.638
teku,2022-03-17 08:36:22.754883,http://localhost:5051/eth/v2/beacon/blocks/2679815,32.432,34.093
